n,u_n,v_n,w_n,abs_s_n,is_prime
1,0,0,0,0,0
2,1,2.0943951023931955e-10,0,1,1
3,1,3.1415926535897934e-10,0,1,1
4,2,4.188790204786391e-10,0,2,0
5,1,5.235987755982989e-10,0,1,1
6,2,5.235987755982989e-10,0,2,0
7,1,7.330382858376184e-10,0,1,1
8,3,6.283185307179587e-10,0,3,0
9,2,6.283185307179587e-10,0,2,0
10,2,7.330382858376184e-10,0,2,0
11,1,1.1519173063162575e-9,0,1,1
12,3,7.330382858376185e-10,0,3,0
13,1,1.3613568165555772e-9,0,1,1
14,2,9.42477796076938e-10,0,2,0
15,2,8.377580409572782e-10,0,2,0
16,4,8.377580409572782e-10,0,4,0
17,1,1.7802358370342162e-9,0,1,1
18,3,8.377580409572782e-10,0,3,0
19,1,1.9896753472735356e-9,0,1,1
20,3,9.42477796076938e-10,0,3,0
21,2,1.0471975511965977e-9,0,2,0
22,2,1.3613568165555772e-9,0,2,0
23,1,2.408554367752175e-9,0,1,1
24,4,9.42477796076938e-10,0,4,0
25,2,1.0471975511965977e-9,0,2,0
26,2,1.5707963267948968e-9,0,2,0
27,3,9.42477796076938e-10,0,3,0
28,3,1.1519173063162575e-9,0,3,0
29,1,3.0368728984701334e-9,0,1,1
30,3,1.0471975511965977e-9,0,3,0
31,1,3.246312408709453e-9,0,1,1
32,5,1.0471975511965977e-9,0,5,0
33,2,1.466076571675237e-9,0,2,0
34,2,1.9896753472735356e-9,0,2,0
35,2,1.2566370614359174e-9,0,2,0
36,4,1.0471975511965977e-9,0,4,0
37,1,3.8746309394274115e-9,0,1,1
38,2,2.1991148575128553e-9,0,2,0
39,2,1.6755160819145566e-9,0,2,0
40,4,1.1519173063162575e-9,0,4,0
41,1,4.293509959906051e-9,0,1,1
42,3,1.2566370614359174e-9,0,3,0
43,1,4.50294947014537e-9,0,1,1
44,3,1.5707963267948966e-9,0,3,0
45,3,1.1519173063162575e-9,0,3,0
46,2,2.6179938779914945e-9,0,2,0
47,1,4.92182849062401e-9,0,1,1
48,5,1.1519173063162575e-9,0,5,0
49,2,1.4660765716752368e-9,0,2,0
50,3,1.2566370614359174e-9,0,3,0
51,2,2.0943951023931954e-9,0,2,0
52,3,1.7802358370342162e-9,0,3,0
53,1,5.5501470213419685e-9,0,1,1
54,4,1.1519173063162575e-9,0,4,0
55,2,1.6755160819145564e-9,0,2,0
56,4,1.3613568165555772e-9,0,4,0
57,2,2.303834612632515e-9,0,2,0
58,2,3.246312408709453e-9,0,2,0
59,1,6.1784655520599265e-9,0,1,1
60,4,1.2566370614359174e-9,0,4,0
61,1,6.387905062299246e-9,0,1,1
62,2,3.4557519189487726e-9,0,2,0
63,3,1.3613568165555772e-9,0,3,0
64,6,1.2566370614359174e-9,0,6,0
65,2,1.884955592153876e-9,0,2,0
66,3,1.6755160819145564e-9,0,3,0
67,1,7.016223593017205e-9,0,1,1
68,3,2.1991148575128553e-9,0,3,0
69,2,2.7227136331111543e-9,0,2,0
70,3,1.4660765716752368e-9,0,3,0
71,1,7.435102613495844e-9,0,1,1
72,5,1.2566370614359174e-9,0,5,0
73,1,7.644542123735163e-9,0,1,1
74,2,4.084070449666731e-9,0,2,0
75,3,1.3613568165555772e-9,0,3,0
76,3,2.408554367752175e-9,0,3,0
77,2,1.884955592153876e-9,0,2,0
78,3,1.884955592153876e-9,0,3,0
79,1,8.272860654453122e-9,0,1,1
80,5,1.3613568165555772e-9,0,5,0
81,4,1.2566370614359174e-9,0,4,0
82,2,4.50294947014537e-9,0,2,0
83,1,8.691739674931761e-9,0,1,1
84,4,1.466076571675237e-9,0,4,0
85,2,2.303834612632515e-9,0,2,0
86,2,4.71238898038469e-9,0,2,0
87,2,3.351032163829113e-9,0,2,0
88,4,1.7802358370342162e-9,0,4,0
89,1,9.32005820564972e-9,0,1,1
90,4,1.3613568165555772e-9,0,4,0
91,2,2.0943951023931954e-9,0,2,0
92,3,2.827433388230814e-9,0,3,0
93,2,3.5604716740684324e-9,0,2,0
94,2,5.131268000863329e-9,0,2,0
95,2,2.5132741228718347e-9,0,2,0
96,6,1.3613568165555772e-9,0,6,0
97,1,1.0157816246606999e-8,0,1,1
98,3,1.6755160819145562e-9,0,3,0
99,3,1.7802358370342162e-9,0,3,0
100,4,1.4660765716752368e-9,0,4,0
101,0.9999999999999999,1.0576695267085638e-8,0,0.9999999999999999,1
102,3,2.303834612632515e-9,0,3,0
103,0.9999999999999999,1.0786134777324958e-8,0,0.9999999999999999,1
104,4,1.9896753472735356e-9,0,4,0
105,3,1.5707963267948966e-9,0,3,0
106,2,5.759586531581288e-9,0,2,0
107,0.9999999999999999,1.1205013797803595e-8,0,0.9999999999999999,1
108,5,1.3613568165555772e-9,0,5,0
109,0.9999999999999999,1.1414453308042915e-8,0,0.9999999999999999,1
110,3,1.884955592153876e-9,0,3,0
111,2,4.188790204786391e-9,0,2,0
112,5,1.5707963267948966e-9,0,5,0
113,0.9999999999999999,1.1833332328521554e-8,0,0.9999999999999999,1
114,3,2.5132741228718347e-9,0,3,0
115,2,2.932153143350474e-9,0,2,0
116,3,3.4557519189487726e-9,0,3,0
117,3,1.9896753472735356e-9,0,3,0
118,2,6.387905062299246e-9,0,2,0
119,2,2.5132741228718347e-9,0,2,0
120,5,1.4660765716752368e-9,0,5,0
121,2,2.303834612632515e-9,0,2,0
122,2,6.597344572538566e-9,0,2,0
123,2,4.60766922526503e-9,0,2,0
124,3,3.6651914291880922e-9,0,3,0
125,3,1.5707963267948966e-9,0,3,0
126,4,1.5707963267948966e-9,0,4,0
127,0.9999999999999999,1.3299408900196791e-8,0,0.9999999999999999,1
128,7,1.466076571675237e-9,0,7,0
129,2,4.81710873550435e-9,0,2,0
130,3,2.0943951023931954e-9,0,3,0
131,0.9999999999999999,1.371828792067543e-8,0,0.9999999999999999,1
132,4,1.884955592153876e-9,0,4,0
133,2,2.722713633111154e-9,0,2,0
134,2,7.225663103256525e-9,0,2,0
135,4,1.4660765716752368e-9,0,4,0
136,4,2.408554367752175e-9,0,4,0
137,0.9999999999999999,1.434660645139339e-8,0,0.9999999999999999,1
138,3,2.932153143350474e-9,0,3,0
139,0.9999999999999999,1.4556045961632709e-8,0,0.9999999999999999,1
140,4,1.6755160819145562e-9,0,4,0
141,2,5.235987755982989e-9,0,2,0
142,2,7.644542123735163e-9,0,2,0
143,2,2.5132741228718347e-9,0,2,0
144,6,1.466076571675237e-9,0,6,0
145,2,3.560471674068432e-9,0,2,0
146,2,7.853981633974483e-9,0,2,0
147,3,1.780235837034216e-9,0,3,0
148,3,4.293509959906051e-9,0,3,0
149,0.9999999999999999,1.5603243512829307e-8,0,0.9999999999999999,1
150,4,1.5707963267948966e-9,0,4,0
151,0.9999999999999999,1.5812683023068627e-8,0,0.9999999999999999,1
152,4,2.6179938779914945e-9,0,4,0
153,3,2.408554367752175e-9,0,3,0
154,3,2.0943951023931954e-9,0,3,0
155,2,3.769911184307752e-9,0,2,0
156,4,2.0943951023931954e-9,0,4,0
157,0.9999999999999999,1.6441001553786586e-8,0,0.9999999999999999,1
158,2,8.482300164692442e-9,0,2,0
159,2,5.864306286700948e-9,0,2,0
160,6,1.5707963267948966e-9,0,6,0
161,2,3.141592653589793e-9,0,2,0
162,5,1.466076571675237e-9,0,5,0
163,0.9999999999999999,1.7069320084504545e-8,0,0.9999999999999999,1
164,3,4.71238898038469e-9,0,3,0
165,3,1.9896753472735356e-9,0,3,0
166,2,8.901179185171081e-9,0,2,0
167,0.9999999999999999,1.7488199104983184e-8,0,0.9999999999999999,1
168,5,1.6755160819145562e-9,0,5,0
169,2,2.7227136331111543e-9,0,2,0
170,3,2.5132741228718347e-9,0,3,0
171,3,2.6179938779914945e-9,0,3,0
172,3,4.92182849062401e-9,0,3,0
173,0.9999999999999999,1.811651763570114e-8,0,0.9999999999999999,1
174,3,3.560471674068432e-9,0,3,0
175,3,1.780235837034216e-9,0,3,0
176,5,1.9896753472735356e-9,0,5,0
177,2,6.492624817418906e-9,0,2,0
178,2,9.52949771588904e-9,0,2,0
179,0.9999999999999998,1.87448361664191e-8,0,1,1
180,5,1.5707963267948966e-9,0,5,0
181,0.9999999999999998,1.8954275676658418e-8,0,1,1
182,3,2.303834612632515e-9,0,3,0
183,2,6.702064327658226e-9,0,2,0
184,4,3.0368728984701338e-9,0,4,0
185,2,4.3982297150257105e-9,0,2,0
186,3,3.769911184307752e-9,0,3,0
187,2,2.932153143350474e-9,0,2,0
188,3,5.340707511102649e-9,0,3,0
189,4,1.6755160819145562e-9,0,4,0
190,3,2.722713633111154e-9,0,3,0
191,0.9999999999999998,2.0001473227855016e-8,0,1,1
192,7,1.5707963267948968e-9,0,7,0
193,0.9999999999999998,2.0210912738094336e-8,0,1,1
194,2,1.0367255756846318e-8,0,2,0
195,3,2.1991148575128553e-9,0,3,0
196,4,1.884955592153876e-9,0,4,0
197,0.9999999999999998,2.0629791758572975e-8,0,1,1
198,4,1.9896753472735356e-9,0,4,0
199,0.9999999999999998,2.0839231268812295e-8,0,1,1
200,5,1.6755160819145564e-9,0,5,0
201,2,7.3303828583761845e-9,0,2,0
202,2,1.0786134777324958e-8,0,2,0
203,2,3.769911184307752e-9,0,2,0
204,4,2.5132741228718347e-9,0,4,0
205,2,4.81710873550435e-9,0,2,0
206,2,1.0995574287564277e-8,0,2,0
207,3,3.0368728984701338e-9,0,3,0
208,5,2.1991148575128553e-9,0,5,0
209,2,3.141592653589793e-9,0,2,0
210,4,1.780235837034216e-9,0,4,0
211,0.9999999999999998,2.209586833024821e-8,0,1,1
212,3,5.969026041820608e-9,0,3,0
213,2,7.749261878854823e-9,0,2,0
214,2,1.1414453308042915e-8,0,2,0
215,2,5.026548245743669e-9,0,2,0
216,6,1.5707963267948968e-9,0,6,0
217,2,3.979350694547071e-9,0,2,0
218,2,1.1623892818282234e-8,0,2,0
219,2,7.958701389094143e-9,0,2,0
220,4,2.0943951023931954e-9,0,4,0
221,2,3.1415926535897936e-9,0,2,0
222,3,4.3982297150257105e-9,0,3,0
223,0.9999999999999998,2.3352505391684127e-8,0,1,1
224,6,1.780235837034216e-9,0,6,0
225,4,1.6755160819145564e-9,0,4,0
226,2,1.2042771838760874e-8,0,2,0
227,0.9999999999999997,2.3771384412162766e-8,0,0.9999999999999999,1
228,4,2.7227136331111543e-9,0,4,0
229,0.9999999999999997,2.3980823922402086e-8,0,0.9999999999999999,1
230,3,3.141592653589793e-9,0,3,0
231,3,2.1991148575128553e-9,0,3,0
232,4,3.665191429188092e-9,0,4,0
233,0.9999999999999997,2.4399702942880725e-8,0,0.9999999999999999,1
234,4,2.1991148575128553e-9,0,4,0
235,2,5.445427266222309e-9,0,2,0
236,3,6.597344572538566e-9,0,3,0
237,2,8.587019919812101e-9,0,2,0
238,3,2.7227136331111543e-9,0,3,0
239,0.9999999999999997,2.5028021473598684e-8,0,0.9999999999999999,1
240,6,1.6755160819145564e-9,0,6,0
241,0.9999999999999997,2.5237460983838004e-8,0,0.9999999999999999,1
242,3,2.5132741228718347e-9,0,3,0
243,5,1.5707963267948968e-9,0,5,0
244,3,6.806784082777885e-9,0,3,0
245,3,1.9896753472735356e-9,0,3,0
246,3,4.81710873550435e-9,0,3,0
247,2,3.351032163829113e-9,0,2,0
248,4,3.8746309394274115e-9,0,4,0
249,2,9.00589894029074e-9,0,2,0
250,4,1.7802358370342162e-9,0,4,0
251,0.9999999999999997,2.6284658535034602e-8,0,0.9999999999999999,1
252,5,1.780235837034216e-9,0,5,0
253,2,3.5604716740684324e-9,0,2,0
254,2,1.3508848410436111e-8,0,2,0
255,3,2.6179938779914945e-9,0,3,0
256,8,1.6755160819145566e-9,0,8,0
257,0.9999999999999997,2.6912977065752557e-8,0,0.9999999999999999,1
258,3,5.026548245743669e-9,0,3,0
259,2,4.60766922526503e-9,0,2,0
260,4,2.303834612632515e-9,0,4,0
261,3,3.665191429188092e-9,0,3,0
262,2,1.392772743091475e-8,0,2,0
263,0.9999999999999997,2.7541295596470516e-8,0,0.9999999999999999,1
264,5,2.0943951023931954e-9,0,5,0
265,2,6.0737457969402675e-9,0,2,0
266,3,2.9321531433504735e-9,0,3,0
267,2,9.6342174710087e-9,0,2,0
268,3,7.435102613495844e-9,0,3,0
269,0.9999999999999996,2.8169614127188475e-8,0,1,1
270,5,1.6755160819145564e-9,0,5,0
271,0.9999999999999996,2.8379053637427795e-8,0,1,1
272,5,2.6179938779914945e-9,0,5,0
273,3,2.408554367752175e-9,0,3,0
274,2,1.4556045961632709e-8,0,2,0
275,3,2.1991148575128553e-9,0,3,0
276,4,3.1415926535897936e-9,0,4,0
277,0.9999999999999996,2.9007372168145754e-8,0,1,1
278,2,1.4765485471872029e-8,0,2,0
279,3,3.8746309394274115e-9,0,3,0
280,5,1.884955592153876e-9,0,5,0
281,0.9999999999999996,2.9426251188624393e-8,0,1,1
282,3,5.445427266222309e-9,0,3,0
283,0.9999999999999996,2.9635690698863712e-8,0,1,1
284,3,7.853981633974483e-9,0,3,0
285,3,2.8274333882308137e-9,0,3,0
286,3,2.7227136331111543e-9,0,3,0
287,2,5.026548245743669e-9,0,2,0
288,7,1.6755160819145566e-9,0,7,0
289,2,3.5604716740684324e-9,0,2,0
290,3,3.769911184307752e-9,0,3,0
291,2,1.0471975511965978e-8,0,2,0
292,3,8.063421144213802e-9,0,3,0
293,0.9999999999999996,3.068288825006031e-8,0,1,1
294,4,1.9896753472735356e-9,0,4,0
295,2,6.702064327658226e-9,0,2,0
296,4,4.50294947014537e-9,0,4,0
297,4,2.0943951023931954e-9,0,4,0
298,2,1.5812683023068627e-8,0,2,0
299,2,3.769911184307752e-9,0,2,0
300,5,1.7802358370342162e-9,0,5,0
301,2,5.235987755982989e-9,0,2,0
302,2,1.6022122533307947e-8,0,2,0
303,2,1.0890854532444617e-8,0,2,0
304,5,2.8274333882308137e-9,0,5,0
305,2,6.911503837897545e-9,0,2,0
306,4,2.6179938779914945e-9,0,4,0
307,0.9999999999999994,3.214896482173554e-8,0,0.9999999999999999,1
308,4,2.303834612632515e-9,0,4,0
309,2,1.1100294042683937e-8,0,2,0
310,3,3.979350694547071e-9,0,3,0
311,0.9999999999999994,3.256784384221418e-8,0,0.9999999999999999,1
312,5,2.303834612632515e-9,0,5,0
313,0.9999999999999994,3.2777283352453504e-8,0,0.9999999999999999,1
314,2,1.6650441064025905e-8,0,2,0
315,4,1.884955592153876e-9,0,4,0
316,3,8.691739674931761e-9,0,3,0
317,0.9999999999999994,3.319616237293214e-8,0,0.9999999999999999,1
318,3,6.0737457969402675e-9,0,3,0
319,2,4.188790204786391e-9,0,2,0
320,7,1.7802358370342162e-9,0,7,0
321,2,1.1519173063162575e-8,0,2,0
322,3,3.351032163829113e-9,0,3,0
323,2,3.769911184307752e-9,0,2,0
324,6,1.6755160819145566e-9,0,6,0
325,3,2.408554367752175e-9,0,3,0
326,2,1.7278759594743864e-8,0,2,0
327,2,1.1728612573401894e-8,0,2,0
328,4,4.92182849062401e-9,0,4,0
329,2,5.654866776461628e-9,0,2,0
330,4,2.1991148575128553e-9,0,4,0
331,0.9999999999999994,3.466223894460738e-8,0,0.9999999999999999,1
332,3,9.1106186954104e-9,0,3,0
333,3,4.50294947014537e-9,0,3,0
334,2,1.7697638615222504e-8,0,2,0
335,2,7.539822368615503e-9,0,2,0
336,6,1.884955592153876e-9,0,6,0
337,0.9999999999999993,3.529055747532534e-8,0,1,1
338,3,2.932153143350474e-9,0,3,0
339,2,1.2147491593880533e-8,0,2,0
340,4,2.7227136331111543e-9,0,4,0
341,2,4.3982297150257105e-9,0,2,0
342,4,2.8274333882308137e-9,0,4,0
343,3,2.1991148575128553e-9,0,3,0
344,4,5.131268000863329e-9,0,4,0
345,3,3.246312408709453e-9,0,3,0
346,2,1.832595714594046e-8,0,2,0
347,0.9999999999999993,3.6337755026521934e-8,0,1,1
348,4,3.769911184307752e-9,0,4,0
349,0.9999999999999993,3.654719453676126e-8,0,1,1
350,4,1.9896753472735356e-9,0,4,0
351,4,2.303834612632515e-9,0,4,0
352,6,2.1991148575128553e-9,0,6,0
353,0.9999999999999993,3.6966073557239896e-8,0,1,1
354,3,6.702064327658226e-9,0,3,0
355,2,7.958701389094143e-9,0,2,0
356,3,9.73893722612836e-9,0,3,0
357,3,2.827433388230814e-9,0,3,0
358,1.9999999999999998,1.8954275676658418e-8,0,1.9999999999999998,0
359,0.9999999999999993,3.759439208795785e-8,0,1,1
360,6,1.7802358370342162e-9,0,6,0
361,2,3.979350694547071e-9,0,2,0
362,1.9999999999999998,1.9163715186897738e-8,0,1.9999999999999998,0
363,3,2.6179938779914945e-9,0,3,0
364,4,2.5132741228718347e-9,0,4,0
365,2,8.168140899333462e-9,0,2,0
366,3,6.911503837897545e-9,0,3,0
367,0.9999999999999992,3.843215012891513e-8,0,0.9999999999999999,1
368,5,3.246312408709453e-9,0,5,0
369,3,4.92182849062401e-9,0,3,0
370,3,4.60766922526503e-9,0,3,0
371,2,6.283185307179587e-9,0,2,0
372,4,3.979350694547071e-9,0,4,0
373,0.9999999999999992,3.9060468659633086e-8,0,0.9999999999999999,1
374,3,3.1415926535897936e-9,0,3,0
375,4,1.884955592153876e-9,0,4,0
376,4,5.5501470213419685e-9,0,4,0
377,2,4.3982297150257105e-9,0,2,0
378,5,1.884955592153876e-9,0,5,0
379,0.9999999999999992,3.968878719035104e-8,0,0.9999999999999999,1
380,4,2.9321531433504735e-9,0,4,0
381,2,1.361356816555577e-8,0,2,0
382,1.9999999999999998,2.0210912738094336e-8,0,1.9999999999999998,0
383,0.9999999999999992,4.010766621082968e-8,0,0.9999999999999999,1
384,8,1.7802358370342164e-9,0,8,0
385,3,2.408554367752175e-9,0,3,0
386,1.9999999999999998,2.0420352248333655e-8,0,1.9999999999999998,0
387,3,5.131268000863329e-9,0,3,0
388,3,1.0576695267085638e-8,0,3,0
389,0.9999999999999992,4.0735984741547636e-8,0,0.9999999999999999,1
390,4,2.408554367752175e-9,0,4,0
391,2,4.188790204786391e-9,0,2,0
392,5,2.0943951023931954e-9,0,5,0
393,2,1.403244718603441e-8,0,2,0
394,1.9999999999999998,2.0839231268812295e-8,0,1.9999999999999998,0
395,2,8.796459430051421e-9,0,2,0
396,5,2.1991148575128553e-9,0,5,0
397,0.9999999999999991,4.1573742782504915e-8,0,1,1
398,1.9999999999999998,2.1048670779051614e-8,0,1.9999999999999998,0
399,3,3.0368728984701334e-9,0,3,0
400,6,1.884955592153876e-9,0,6,0
401,0.9999999999999991,4.1992621802983554e-8,0,1,1
402,3,7.539822368615503e-9,0,3,0
403,2,4.60766922526503e-9,0,2,0
404,3,1.0995574287564277e-8,0,3,0
405,5,1.7802358370342162e-9,0,5,0
406,3,3.979350694547071e-9,0,3,0
407,2,5.026548245743669e-9,0,2,0
408,5,2.7227136331111543e-9,0,5,0
409,0.9999999999999991,4.283037984394083e-8,0,1,1
410,3,5.026548245743669e-9,0,3,0
411,2,1.4660765716752369e-8,0,2,0
412,3,1.1205013797803597e-8,0,3,0
413,2,6.911503837897545e-9,0,2,0
414,4,3.246312408709453e-9,0,4,0
415,2,9.21533845053006e-9,0,2,0
416,6,2.408554367752175e-9,0,6,0
417,2,1.4870205226991689e-8,0,2,0
418,3,3.351032163829113e-9,0,3,0
419,0.999999999999999,4.3877577395137434e-8,0,0.9999999999999999,1
420,5,1.9896753472735356e-9,0,5,0
421,0.999999999999999,4.408701690537675e-8,0,0.9999999999999999,1
422,1.9999999999999998,2.230530784048753e-8,0,1.9999999999999998,0
423,3,5.5501470213419685e-9,0,3,0
424,4,6.178465552059927e-9,0,4,0
425,3,2.827433388230814e-9,0,3,0
426,3,7.958701389094143e-9,0,3,0
427,2,7.120943348136865e-9,0,2,0
428,3,1.1623892818282234e-8,0,3,0
429,3,2.827433388230814e-9,0,3,0
430,3,5.235987755982989e-9,0,3,0
431,0.999999999999999,4.513421445657335e-8,0,0.9999999999999999,1
432,7,1.7802358370342164e-9,0,7,0
433,0.999999999999999,4.534365396681267e-8,0,0.9999999999999999,1
434,3,4.188790204786391e-9,0,3,0
435,3,3.8746309394274115e-9,0,3,0
436,3,1.1833332328521554e-8,0,3,0
437,2,4.3982297150257105e-9,0,2,0
438,3,8.168140899333462e-9,0,3,0
439,0.9999999999999989,4.597197249753063e-8,0,1,1
440,5,2.303834612632515e-9,0,5,0
441,4,2.0943951023931954e-9,0,4,0
442,3,3.3510321638291132e-9,0,3,0
443,0.9999999999999989,4.639085151800926e-8,0,1,1
444,4,4.60766922526503e-9,0,4,0
445,2,9.84365698124802e-9,0,2,0
446,1.9999999999999998,2.3561944901923447e-8,0,1.9999999999999998,0
447,2,1.5917402778188285e-8,0,2,0
448,7,1.9896753472735356e-9,0,7,0
449,0.9999999999999989,4.701917004872722e-8,0,1,1
450,5,1.884955592153876e-9,0,5,0
451,2,5.445427266222309e-9,0,2,0
452,3,1.2252211349000193e-8,0,3,0
453,2,1.6126842288427605e-8,0,2,0
454,1.9999999999999996,2.3980823922402086e-8,0,1.9999999999999996,0
455,3,2.6179938779914945e-9,0,3,0
456,5,2.9321531433504735e-9,0,5,0
457,0.9999999999999989,4.78569280896845e-8,0,1,1
458,1.9999999999999996,2.4190263432641405e-8,0,1.9999999999999996,0
459,4,2.7227136331111543e-9,0,4,0
460,4,3.351032163829113e-9,0,4,0
461,0.9999999999999989,4.8275807110163136e-8,0,1,1
462,4,2.408554367752175e-9,0,4,0
463,0.9999999999999988,4.848524662040246e-8,0,0.9999999999999999,1
464,5,3.8746309394274115e-9,0,5,0
465,3,4.084070449666731e-9,0,3,0
466,1.9999999999999996,2.4609142453120045e-8,0,1.9999999999999996,0
467,0.9999999999999988,4.89041256408811e-8,0,0.9999999999999999,1
468,5,2.408554367752175e-9,0,5,0
469,2,7.749261878854823e-9,0,2,0
470,3,5.654866776461628e-9,0,3,0
471,2,1.6755160819145564e-8,0,2,0
472,4,6.806784082777885e-9,0,4,0
473,2,5.654866776461628e-9,0,2,0
474,3,8.796459430051421e-9,0,3,0
475,3,3.0368728984701334e-9,0,3,0
476,4,2.932153143350474e-9,0,4,0
477,3,6.178465552059927e-9,0,3,0
478,1.9999999999999996,2.5237460983838004e-8,0,1.9999999999999996,0
479,0.9999999999999988,5.016076270231701e-8,0,0.9999999999999999,1
480,7,1.884955592153876e-9,0,7,0
481,2,5.235987755982989e-9,0,2,0
482,1.9999999999999996,2.5446900494077323e-8,0,1.9999999999999996,0
483,3,3.4557519189487726e-9,0,3,0
484,4,2.7227136331111543e-9,0,4,0
485,2,1.0681415022205298e-8,0,2,0
486,6,1.7802358370342164e-9,0,6,0
487,0.9999999999999987,5.099852074327429e-8,0,1,1
488,4,7.016223593017205e-9,0,4,0
489,2,1.7383479349863522e-8,0,2,0
490,4,2.1991148575128553e-9,0,4,0
491,0.9999999999999987,5.141739976375293e-8,0,1,1
492,4,5.026548245743669e-9,0,4,0
493,2,4.81710873550435e-9,0,2,0
494,3,3.5604716740684324e-9,0,3,0
495,4,2.303834612632515e-9,0,4,0
496,5,4.084070449666731e-9,0,5,0
497,2,8.168140899333462e-9,0,2,0
498,3,9.21533845053006e-9,0,3,0
499,0.9999999999999987,5.22551578047102e-8,0,1,1
500,5,1.9896753472735356e-9,0,5,0
501,2,1.7802358370342162e-8,0,2,0
502,1.9999999999999996,2.649409804527392e-8,0,1.9999999999999996,0
503,0.9999999999999987,5.267403682518884e-8,0,1,1
504,6,1.9896753472735356e-9,0,6,0
505,2,1.1100294042683937e-8,0,2,0
506,3,3.769911184307752e-9,0,3,0
507,3,3.0368728984701338e-9,0,3,0
508,3,1.371828792067543e-8,0,3,0
509,0.9999999999999986,5.33023553559068e-8,0,0.9999999999999999,1
510,4,2.827433388230814e-9,0,4,0
511,2,8.377580409572782e-9,0,2,0
512,9,1.8849555921538762e-9,0,9,0
513,4,2.9321531433504735e-9,0,4,0
514,1.9999999999999996,2.7122416575991877e-8,0,1.9999999999999996,0
515,2,1.1309733552923257e-8,0,2,0
516,4,5.235987755982989e-9,0,4,0
517,2,6.0737457969402675e-9,0,2,0
518,3,4.81710873550435e-9,0,3,0
519,2,1.8430676901060117e-8,0,2,0
520,5,2.5132741228718347e-9,0,5,0
521,0.9999999999999986,5.455899241734272e-8,0,0.9999999999999999,1
522,4,3.8746309394274115e-9,0,4,0
523,0.9999999999999984,5.4768431927582035e-8,0,1,1
524,3,1.413716694115407e-8,0,3,0
525,4,2.0943951023931954e-9,0,4,0
526,1.9999999999999996,2.7750735106709836e-8,0,1.9999999999999996,0
527,2,5.026548245743669e-9,0,2,0
528,6,2.303834612632515e-9,0,6,0
529,2,4.81710873550435e-9,0,2,0
530,3,6.283185307179587e-9,0,3,0
531,3,6.806784082777885e-9,0,3,0
532,4,3.141592653589793e-9,0,4,0
533,2,5.654866776461628e-9,0,2,0
534,3,9.84365698124802e-9,0,3,0
535,2,1.1728612573401894e-8,0,2,0
536,4,7.644542123735163e-9,0,4,0
537,1.9999999999999998,1.9058995431778076e-8,0,1.9999999999999998,0
538,1.9999999999999996,2.8379053637427795e-8,0,1.9999999999999996,0
539,3,2.6179938779914945e-9,0,3,0
540,6,1.884955592153876e-9,0,6,0
541,0.9999999999999984,5.665338751973591e-8,0,1,1
542,1.9999999999999996,2.8588493147667114e-8,0,1.9999999999999996,0
543,1.9999999999999998,1.9268434942017396e-8,0,1.9999999999999998,0
544,6,2.827433388230814e-9,0,6,0
545,2,1.1938052083641214e-8,0,2,0
546,4,2.6179938779914945e-9,0,4,0
547,0.9999999999999983,5.7281706050453864e-8,0,0.9999999999999999,1
548,3,1.4765485471872029e-8,0,3,0
549,3,7.016223593017205e-9,0,3,0
550,4,2.408554367752175e-9,0,4,0
551,2,5.026548245743669e-9,0,2,0
552,5,3.351032163829113e-9,0,5,0
553,2,9.00589894029074e-9,0,2,0
554,1.9999999999999996,2.9216811678385073e-8,0,1.9999999999999996,0
555,3,4.71238898038469e-9,0,3,0
556,3,1.497492498211135e-8,0,3,0
557,0.9999999999999983,5.832890360165046e-8,0,0.9999999999999999,1
558,4,4.084070449666731e-9,0,4,0
559,2,5.864306286700948e-9,0,2,0
560,6,2.0943951023931954e-9,0,6,0
561,3,3.2463124087094534e-9,0,3,0
562,1.9999999999999996,2.9635690698863712e-8,0,1.9999999999999996,0
563,0.9999999999999982,5.895722213236842e-8,0,1,1
564,4,5.654866776461628e-9,0,4,0
565,2,1.2356931104119853e-8,0,2,0
566,1.9999999999999996,2.984513020910303e-8,0,1.9999999999999996,0
567,5,1.9896753472735356e-9,0,5,0
568,4,8.063421144213802e-9,0,4,0
569,0.9999999999999982,5.9585540663086376e-8,0,1,1
570,4,3.0368728984701334e-9,0,4,0
571,0.9999999999999982,5.979498017332569e-8,0,1,1
572,4,2.932153143350474e-9,0,4,0
573,1.9999999999999998,2.0315632493213994e-8,0,1.9999999999999998,0
574,3,5.235987755982989e-9,0,3,0
575,3,3.4557519189487726e-9,0,3,0
576,8,1.8849555921538762e-9,0,8,0
577,0.9999999999999982,6.042329870404365e-8,0,1,1
578,3,3.769911184307752e-9,0,3,0
579,1.9999999999999998,2.0525072003453314e-8,0,1.9999999999999998,0
580,4,3.979350694547071e-9,0,4,0
581,2,9.42477796076938e-9,0,2,0
582,3,1.0681415022205298e-8,0,3,0
583,2,6.7020643276582264e-9,0,2,0
584,4,8.272860654453122e-9,0,4,0
585,4,2.5132741228718347e-9,0,4,0
586,1.9999999999999996,3.0892327760299624e-8,0,1.9999999999999996,0
587,0.9999999999999981,6.147049625524024e-8,0,0.9999999999999999,1
588,5,2.1991148575128553e-9,0,5,0
589,2,5.235987755982989e-9,0,2,0
590,3,6.911503837897545e-9,0,3,0
591,1.9999999999999998,2.0943951023931953e-8,0,1.9999999999999998,0
592,5,4.71238898038469e-9,0,5,0
593,0.9999999999999981,6.209881478595821e-8,0,0.9999999999999999,1
594,5,2.303834612632515e-9,0,5,0
595,3,3.0368728984701338e-9,0,3,0
596,3,1.6022122533307947e-8,0,3,0
597,1.9999999999999998,2.1153390534171272e-8,0,1.9999999999999998,0
598,3,3.979350694547071e-9,0,3,0
599,0.999999999999998,6.272713331667617e-8,0,1,1
600,6,1.9896753472735356e-9,0,6,0
601,0.999999999999998,6.293657282691549e-8,0,1,1
602,3,5.445427266222309e-9,0,3,0
603,3,7.644542123735163e-9,0,3,0
604,3,1.6231562043547266e-8,0,3,0
605,3,2.827433388230814e-9,0,3,0
606,3,1.1100294042683937e-8,0,3,0
607,0.999999999999998,6.356489135763345e-8,0,1,1
608,6,3.0368728984701334e-9,0,6,0
609,3,4.084070449666731e-9,0,3,0
610,3,7.120943348136865e-9,0,3,0
611,2,6.283185307179587e-9,0,2,0
612,5,2.827433388230814e-9,0,5,0
613,0.9999999999999979,6.41932098883514e-8,0,0.9999999999999999,1
614,1.9999999999999996,3.235840433197486e-8,0,1.9999999999999996,0
615,3,5.131268000863329e-9,0,3,0
616,5,2.5132741228718347e-9,0,5,0
617,0.9999999999999979,6.461208890883005e-8,0,0.9999999999999999,1
618,3,1.1309733552923257e-8,0,3,0
619,0.9999999999999979,6.482152841906936e-8,0,0.9999999999999999,1
620,4,4.188790204786391e-9,0,4,0
621,4,3.351032163829113e-9,0,4,0
622,1.9999999999999996,3.27772833524535e-8,0,1.9999999999999996,0
623,2,1.0053096491487339e-8,0,2,0
624,6,2.5132741228718347e-9,0,6,0
625,4,2.0943951023931954e-9,0,4,0
626,1.9999999999999996,3.298672286269282e-8,0,1.9999999999999996,0
627,3,3.4557519189487726e-9,0,3,0
628,3,1.6859880574265225e-8,0,3,0
629,2,5.6548667764616275e-9,0,2,0
630,5,2.0943951023931954e-9,0,5,0
631,0.9999999999999978,6.607816548050527e-8,0,1,1
632,4,8.901179185171081e-9,0,4,0
633,1.9999999999999998,2.2410027595607187e-8,0,1.9999999999999998,0
634,1.9999999999999996,3.340560188317146e-8,0,1.9999999999999996,0
635,2,1.382300767579509e-8,0,2,0
636,4,6.283185307179587e-9,0,4,0
637,3,2.827433388230814e-9,0,3,0
638,3,4.3982297150257105e-9,0,3,0
639,3,8.063421144213802e-9,0,3,0
640,8,1.9896753472735356e-9,0,8,0
641,0.9999999999999978,6.712536303170186e-8,0,1,1
642,3,1.1728612573401894e-8,0,3,0
643,0.9999999999999978,6.733480254194118e-8,0,1,1
644,4,3.5604716740684324e-9,0,4,0
645,3,5.340707511102649e-9,0,3,0
646,3,3.979350694547071e-9,0,3,0
647,0.9999999999999977,6.775368156241983e-8,0,0.9999999999999999,1
648,7,1.8849555921538762e-9,0,7,0
649,2,7.330382858376184e-9,0,2,0
650,4,2.6179938779914945e-9,0,4,0
651,3,4.293509959906051e-9,0,3,0
652,3,1.7488199104983184e-8,0,3,0
653,0.9999999999999977,6.838200009313778e-8,0,0.9999999999999999,1
654,3,1.1938052083641214e-8,0,3,0
655,2,1.424188669627373e-8,0,2,0
656,5,5.131268000863329e-9,0,5,0
657,3,8.272860654453122e-9,0,3,0
658,3,5.864306286700948e-9,0,3,0
659,0.9999999999999977,6.901031862385574e-8,0,0.9999999999999999,1
660,5,2.408554367752175e-9,0,5,0
661,0.9999999999999976,6.921975813409506e-8,0,1,1
662,1.9999999999999996,3.487167845484669e-8,0,1.9999999999999996,0
663,3,3.455751918948773e-9,0,3,0
664,4,9.32005820564972e-9,0,4,0
665,3,3.246312408709453e-9,0,3,0
666,4,4.71238898038469e-9,0,4,0
667,2,5.445427266222309e-9,0,2,0
668,3,1.7907078125461823e-8,0,3,0
669,1.9999999999999998,2.3666664657043105e-8,0,1.9999999999999998,0
670,3,7.749261878854823e-9,0,3,0
671,2,7.539822368615503e-9,0,2,0
672,7,2.0943951023931954e-9,0,7,0
673,0.9999999999999976,7.047639519553097e-8,0,1,1
674,1.9999999999999993,3.5499996985564655e-8,0,1.9999999999999993,0
675,5,1.9896753472735356e-9,0,5,0
676,4,3.1415926535897936e-9,0,4,0
677,0.9999999999999974,7.089527421600962e-8,0,0.9999999999999999,1
678,3,1.2356931104119853e-8,0,3,0
679,2,1.0890854532444617e-8,0,2,0
680,5,2.932153143350474e-9,0,5,0
681,1.9999999999999996,2.4085543677521744e-8,0,1.9999999999999996,0
682,3,4.60766922526503e-9,0,3,0
683,0.9999999999999974,7.152359274672756e-8,0,0.9999999999999999,1
684,5,3.0368728984701334e-9,0,5,0
685,2,1.4870205226991689e-8,0,2,0
686,4,2.4085543677521745e-9,0,4,0
687,1.9999999999999996,2.4294983187761064e-8,0,1.9999999999999996,0
688,5,5.340707511102649e-9,0,5,0
689,2,6.911503837897546e-9,0,2,0
690,4,3.4557519189487726e-9,0,4,0
691,0.9999999999999973,7.236135078768484e-8,0,1,1
692,3,1.853539665617978e-8,0,3,0
693,4,2.5132741228718347e-9,0,4,0
694,1.9999999999999993,3.654719453676125e-8,0,1.9999999999999998,0
695,2,1.5079644737231007e-8,0,2,0
696,5,3.979350694547071e-9,0,5,0
697,2,6.073745796940267e-9,0,2,0
698,1.9999999999999993,3.675663404700057e-8,0,1.9999999999999998,0
699,1.9999999999999996,2.4713862208239703e-8,0,1.9999999999999996,0
700,5,2.1991148575128553e-9,0,5,0
701,0.9999999999999973,7.340854833888144e-8,0,1,1
702,5,2.5132741228718347e-9,0,5,0
703,2,5.864306286700947e-9,0,2,0
704,7,2.408554367752175e-9,0,7,0
705,3,5.759586531581288e-9,0,3,0
706,1.9999999999999993,3.717551306747921e-8,0,1.9999999999999998,0
707,2,1.1309733552923257e-8,0,2,0
708,4,6.911503837897545e-9,0,4,0
709,0.9999999999999972,7.424630637983872e-8,0,0.9999999999999999,1
710,3,8.168140899333462e-9,0,3,0
711,3,8.901179185171081e-9,0,3,0
712,4,9.948376736367679e-9,0,4,0
713,2,5.654866776461628e-9,0,2,0
714,4,3.0368728984701338e-9,0,4,0
715,3,3.0368728984701338e-9,0,3,0
716,3,1.9163715186897738e-8,0,3,0
717,1.9999999999999996,2.5342180738957662e-8,0,1.9999999999999996,0
718,1.9999999999999993,3.780383159819717e-8,0,1.9999999999999998,0
719,0.9999999999999971,7.529350393103532e-8,0,1,1
720,7,1.9896753472735356e-9,0,7,0
721,2,1.1519173063162576e-8,0,2,0
722,3,4.188790204786391e-9,0,3,0
723,1.9999999999999996,2.555162024919698e-8,0,1.9999999999999996,0
724,3,1.9373154697137057e-8,0,3,0
725,3,4.084070449666731e-9,0,3,0
726,4,2.827433388230814e-9,0,4,0
727,0.9999999999999971,7.613126197199257e-8,0,1,1
728,5,2.7227136331111543e-9,0,5,0
729,6,1.8849555921538762e-9,0,6,0
730,3,8.377580409572782e-9,0,3,0
731,2,6.283185307179586e-9,0,2,0
732,4,7.120943348136865e-9,0,4,0
733,0.999999999999997,7.675958050271054e-8,0,0.9999999999999999,1
734,1.9999999999999991,3.8641589639154446e-8,0,1.9999999999999996,0
735,4,2.303834612632515e-9,0,4,0
736,6,3.4557519189487726e-9,0,6,0
737,2,8.168140899333462e-9,0,2,0
738,4,5.131268000863329e-9,0,4,0
739,0.999999999999997,7.73878990334285e-8,0,0.9999999999999999,1
740,4,4.81710873550435e-9,0,4,0
741,3,3.6651914291880922e-9,0,3,0
742,3,6.492624817418907e-9,0,3,0
743,0.999999999999997,7.780677805390713e-8,0,0.9999999999999999,1
744,5,4.188790204786391e-9,0,5,0
745,2,1.6126842288427605e-8,0,2,0
746,1.9999999999999991,3.92699081698724e-8,0,1.9999999999999996,0
747,3,9.32005820564972e-9,0,3,0
748,4,3.351032163829113e-9,0,4,0
749,2,1.1938052083641214e-8,0,2,0
750,5,2.0943951023931954e-9,0,5,0
751,0.9999999999999969,7.86445360948644e-8,0,1,1
752,5,5.759586531581288e-9,0,5,0
753,1.9999999999999996,2.659881780039358e-8,0,1.9999999999999996,0
754,3,4.60766922526503e-9,0,3,0
755,2,1.6336281798666924e-8,0,2,0
756,6,2.0943951023931954e-9,0,6,0
757,0.9999999999999969,7.927285462558237e-8,0,1,1
758,1.9999999999999991,3.989822670059036e-8,0,1.9999999999999996,0
759,3,3.8746309394274115e-9,0,3,0
760,5,3.141592653589793e-9,0,5,0
761,0.9999999999999968,7.969173364606101e-8,0,0.9999999999999999,1
762,3,1.382300767579509e-8,0,3,0
763,2,1.2147491593880533e-8,0,2,0
764,3,2.0420352248333655e-8,0,3,0
765,4,2.932153143350474e-9,0,4,0
766,1.9999999999999991,4.0317105721069e-8,0,1.9999999999999996,0
767,2,7.539822368615503e-9,0,2,0
768,9,1.989675347273536e-9,0,9,0
769,0.9999999999999968,8.052949168701827e-8,0,0.9999999999999999,1
770,4,2.6179938779914945e-9,0,4,0
771,1.9999999999999996,2.7227136331111535e-8,0,1.9999999999999996,0
772,3,2.0629791758572975e-8,0,3,0
773,0.9999999999999967,8.094837070749692e-8,0,1,1
774,4,5.340707511102649e-9,0,4,0
775,3,4.293509959906051e-9,0,3,0
776,4,1.0786134777324958e-8,0,4,0
777,3,4.92182849062401e-9,0,3,0
778,1.9999999999999991,4.094542425178695e-8,0,1.9999999999999996,0
779,2,6.283185307179586e-9,0,2,0
780,5,2.6179938779914945e-9,0,5,0
781,2,8.587019919812101e-9,0,2,0
782,3,4.3982297150257105e-9,0,3,0
783,4,3.979350694547071e-9,0,4,0
784,6,2.303834612632515e-9,0,6,0
785,2,1.6964600329384883e-8,0,2,0
786,3,1.424188669627373e-8,0,3,0
787,0.9999999999999966,8.241444727917215e-8,0,0.9999999999999999,1
788,3,2.1048670779051614e-8,0,3,0
789,1.9999999999999996,2.7855454861829494e-8,0,1.9999999999999996,0
790,3,9.00589894029074e-9,0,3,0
791,2,1.2566370614359173e-8,0,2,0
792,6,2.408554367752175e-9,0,6,0
793,2,7.749261878854823e-9,0,2,0
794,1.9999999999999991,4.178318229274423e-8,0,1.9999999999999996,0
795,3,6.387905062299247e-9,0,3,0
796,3,2.1258110289290934e-8,0,3,0
797,0.9999999999999966,8.346164483036875e-8,0,0.9999999999999999,1
798,4,3.246312408709453e-9,0,4,0
799,2,6.702064327658226e-9,0,2,0
800,7,2.0943951023931954e-9,0,7,0
801,3,9.948376736367679e-9,0,3,0
802,1.9999999999999991,4.220206131322287e-8,0,1.9999999999999996,0
803,2,8.796459430051421e-9,0,2,0
804,4,7.749261878854823e-9,0,4,0
805,3,3.6651914291880922e-9,0,3,0
806,3,4.81710873550435e-9,0,3,0
807,1.9999999999999996,2.8483773392547453e-8,0,1.9999999999999996,0
808,4,1.1205013797803597e-8,0,4,0
809,0.9999999999999964,8.471828189180465e-8,0,1,1
810,6,1.9896753472735356e-9,0,6,0
811,0.9999999999999964,8.492772140204397e-8,0,1,1
812,4,4.188790204786391e-9,0,4,0
813,1.9999999999999996,2.8693212902786772e-8,0,1.9999999999999996,0
814,3,5.235987755982989e-9,0,3,0
815,2,1.7592918860102842e-8,0,2,0
816,6,2.932153143350474e-9,0,6,0
817,2,6.492624817418906e-9,0,2,0
818,1.9999999999999991,4.303981935418015e-8,0,1.9999999999999996,0
819,4,2.7227136331111543e-9,0,4,0
820,4,5.235987755982989e-9,0,4,0
821,0.9999999999999963,8.597491895324056e-8,0,0.9999999999999999,1
822,3,1.4870205226991689e-8,0,3,0
823,0.9999999999999963,8.618435846347989e-8,0,0.9999999999999999,1
824,4,1.1414453308042916e-8,0,4,0
825,4,2.5132741228718347e-9,0,4,0
826,3,7.120943348136864e-9,0,3,0
827,0.9999999999999962,8.660323748395853e-8,0,1,1
828,5,3.4557519189487726e-9,0,5,0
829,0.9999999999999962,8.681267699419784e-8,0,1,1
830,3,9.42477796076938e-9,0,3,0
831,1.9999999999999996,2.932153143350473e-8,0,1.9999999999999996,0
832,7,2.6179938779914945e-9,0,7,0
833,3,3.246312408709453e-9,0,3,0
834,3,1.5079644737231007e-8,0,3,0
835,2,1.801179788058148e-8,0,2,0
836,4,3.560471674068432e-9,0,4,0
837,4,4.188790204786391e-9,0,4,0
838,1.9999999999999991,4.408701690537675e-8,0,1.9999999999999996,0
839,0.9999999999999961,8.785987454539443e-8,0,0.9999999999999999,1
840,6,2.1991148575128553e-9,0,6,0
841,2,6.073745796940267e-9,0,2,0
842,1.9999999999999991,4.4296456415616066e-8,0,1.9999999999999996,0
843,1.9999999999999996,2.974041045398337e-8,0,1.9999999999999996,0
844,3,2.251474735072685e-8,0,3,0
845,3,3.246312408709453e-9,0,3,0
846,4,5.759586531581288e-9,0,4,0
847,3,3.0368728984701334e-9,0,3,0
848,5,6.387905062299247e-9,0,5,0
849,1.9999999999999996,2.994984996422269e-8,0,1.9999999999999996,0
850,4,3.0368728984701338e-9,0,4,0
851,2,6.283185307179586e-9,0,2,0
852,4,8.168140899333462e-9,0,4,0
853,0.999999999999996,8.932595111706966e-8,0,1,1
854,3,7.330382858376184e-9,0,3,0
855,4,3.141592653589793e-9,0,4,0
856,4,1.1833332328521554e-8,0,4,0
857,0.999999999999996,8.974483013754831e-8,0,1,1
858,4,3.0368728984701338e-9,0,4,0
859,0.999999999999996,8.995426964778763e-8,0,1,1
860,4,5.445427266222309e-9,0,4,0
861,3,5.340707511102649e-9,0,3,0
862,1.9999999999999991,4.534365396681267e-8,0,1.9999999999999996,0
863,0.9999999999999959,9.037314866826627e-8,0,0.9999999999999999,1
864,8,1.989675347273536e-9,0,8,0
865,2,1.8640116411299437e-8,0,2,0
866,1.9999999999999991,4.5553093477051984e-8,0,1.9999999999999996,0
867,3,3.8746309394274115e-9,0,3,0
868,4,4.3982297150257105e-9,0,4,0
869,2,9.42477796076938e-9,0,2,0
870,4,4.084070449666731e-9,0,4,0
871,2,8.377580409572782e-9,0,2,0
872,4,1.2042771838760874e-8,0,4,0
873,3,1.0786134777324958e-8,0,3,0
874,3,4.60766922526503e-9,0,3,0
875,4,2.303834612632515e-9,0,4,0
876,4,8.377580409572782e-9,0,4,0
877,0.9999999999999958,9.183922523994149e-8,0,1,1
878,1.999999999999999,4.6181412007769946e-8,0,1.9999999999999993,0
879,1.9999999999999996,3.0997047515419285e-8,0,1.9999999999999996,0
880,6,2.5132741228718347e-9,0,6,0
881,0.9999999999999958,9.225810426042013e-8,0,1,1
882,5,2.303834612632515e-9,0,5,0
883,0.9999999999999957,9.246754377065946e-8,0,0.9999999999999999,1
884,4,3.5604716740684324e-9,0,4,0
885,3,7.016223593017205e-9,0,3,0
886,1.999999999999999,4.660029102824858e-8,0,1.9999999999999993,0
887,0.9999999999999957,9.288642279113809e-8,0,0.9999999999999999,1
888,5,4.81710873550435e-9,0,5,0
889,2,1.403244718603441e-8,0,2,0
890,3,1.0053096491487339e-8,0,3,0
891,5,2.408554367752175e-9,0,5,0
892,3,2.3771384412162766e-8,0,3,0
893,2,6.911503837897545e-9,0,2,0
894,3,1.6126842288427605e-8,0,3,0
895,1.9999999999999998,1.9268434942017396e-8,0,1.9999999999999998,0
896,8,2.1991148575128553e-9,0,8,0
897,3,4.084070449666731e-9,0,3,0
898,1.999999999999999,4.7228609558966535e-8,0,1.9999999999999993,0
899,2,6.283185307179586e-9,0,2,0
900,6,2.0943951023931954e-9,0,6,0
901,2,7.3303828583761845e-9,0,2,0
902,3,5.654866776461628e-9,0,3,0
903,3,5.5501470213419685e-9,0,3,0
904,4,1.2461650859239513e-8,0,4,0
905,1.9999999999999998,1.9477874452256715e-8,0,1.9999999999999998,0
906,3,1.6336281798666924e-8,0,3,0
907,0.9999999999999954,9.498081789353126e-8,0,0.9999999999999999,1
908,2.9999999999999996,2.4190263432641405e-8,0,2.9999999999999996,0
909,3,1.1205013797803597e-8,0,3,0
910,4,2.827433388230814e-9,0,4,0
911,0.9999999999999954,9.539969691400991e-8,0,0.9999999999999999,1
912,6,3.141592653589793e-9,0,6,0
913,2,9.84365698124802e-9,0,2,0
914,1.999999999999999,4.806636759992381e-8,0,1.9999999999999993,0
915,3,7.225663103256525e-9,0,3,0
916,2.9999999999999996,2.4399702942880725e-8,0,2.9999999999999996,0
917,2,1.445132620651305e-8,0,2,0
918,5,2.932153143350474e-9,0,5,0
919,0.9999999999999953,9.623745495496719e-8,0,1,1
920,5,3.5604716740684324e-9,0,5,0
921,1.9999999999999996,3.246312408709452e-8,0,1.9999999999999996,0
922,1.999999999999999,4.848524662040245e-8,0,1.9999999999999993,0
923,2,8.796459430051421e-9,0,2,0
924,5,2.6179938779914945e-9,0,5,0
925,3,4.92182849062401e-9,0,3,0
926,1.9999999999999987,4.8694686130641775e-8,0,1.9999999999999991,0
927,3,1.1414453308042916e-8,0,3,0
928,6,4.084070449666731e-9,0,6,0
929,0.9999999999999952,9.728465250616378e-8,0,0.9999999999999999,1
930,4,4.293509959906051e-9,0,4,0
931,3,3.455751918948772e-9,0,3,0
932,2.9999999999999996,2.4818581963359364e-8,0,2.9999999999999996,0
933,1.9999999999999996,3.288200310757316e-8,0,1.9999999999999996,0
934,1.9999999999999987,4.9113565151120415e-8,0,1.9999999999999991,0
935,3,3.4557519189487726e-9,0,3,0
936,6,2.6179938779914945e-9,0,6,0
937,0.9999999999999952,9.812241054712106e-8,0,0.9999999999999999,1
938,3,7.958701389094143e-9,0,3,0
939,1.9999999999999996,3.309144261781248e-8,0,1.9999999999999996,0
940,4,5.864306286700948e-9,0,4,0
941,0.9999999999999951,9.854128956759969e-8,0,1,1
942,3,1.6964600329384883e-8,0,3,0
943,2,6.702064327658226e-9,0,2,0
944,5,7.016223593017205e-9,0,5,0
945,5,2.1991148575128553e-9,0,5,0
946,3,5.864306286700948e-9,0,3,0
947,0.9999999999999951,9.916960809831764e-8,0,1,1
948,4,9.00589894029074e-9,0,4,0
949,2,9.00589894029074e-9,0,2,0
950,4,3.246312408709453e-9,0,4,0
951,1.9999999999999996,3.351032163829112e-8,0,1.9999999999999996,0
952,5,3.1415926535897936e-9,0,5,0
953,0.999999999999995,9.97979266290356e-8,0,0.9999999999999999,1
954,4,6.387905062299247e-9,0,4,0
955,1.9999999999999998,2.0525072003453314e-8,0,1.9999999999999998,0
956,2.9999999999999996,2.5446900494077323e-8,0,2.9999999999999996,0
957,3,4.50294947014537e-9,0,3,0
958,1.9999999999999987,5.0370202212556326e-8,0,1.9999999999999991,0
959,2,1.5079644737231007e-8,0,2,0
960,8,2.0943951023931954e-9,0,8,0
961,2,6.492624817418906e-9,0,2,0
962,3,5.445427266222309e-9,0,3,0
963,3,1.1833332328521554e-8,0,3,0
964,2.9999999999999996,2.5656340004316643e-8,0,2.9999999999999996,0
965,1.9999999999999998,2.0734511513692633e-8,0,1.9999999999999998,0
966,4,3.6651914291880922e-9,0,4,0
967,0.9999999999999949,1.0126400320071083e-7,0,1,1
968,5,2.932153143350474e-9,0,5,0
969,3,4.084070449666731e-9,0,3,0
970,3,1.0890854532444617e-8,0,3,0
971,0.9999999999999948,1.0168288222118947e-7,0,0.9999999999999999,1
972,7,1.989675347273536e-9,0,7,0
973,2,1.5289084247470326e-8,0,2,0
974,1.9999999999999987,5.1207960253513604e-8,0,1.9999999999999991,0
975,4,2.7227136331111543e-9,0,4,0
976,5,7.225663103256525e-9,0,5,0
977,0.9999999999999948,1.0231120075190743e-7,0,0.9999999999999999,1
978,3,1.7592918860102842e-8,0,3,0
979,2,1.0471975511965978e-8,0,2,0
980,5,2.4085543677521745e-9,0,5,0
981,3,1.2042771838760874e-8,0,3,0
982,1.9999999999999987,5.1626839273992244e-8,0,1.9999999999999991,0
983,0.9999999999999947,1.0293951928262538e-7,0,1,1
984,5,5.235987755982989e-9,0,5,0
985,1.9999999999999998,2.1153390534171272e-8,0,1.9999999999999998,0
986,3,5.026548245743669e-9,0,3,0
987,3,5.969026041820608e-9,0,3,0
988,4,3.769911184307752e-9,0,4,0
989,2,6.911503837897545e-9,0,2,0
990,5,2.5132741228718347e-9,0,5,0
991,0.9999999999999946,1.0377727732358266e-7,0,0.9999999999999999,1
992,6,4.293509959906051e-9,0,6,0
993,1.9999999999999996,3.4976398209966355e-8,0,1.9999999999999996,0
994,3,8.377580409572782e-9,0,3,0
995,1.9999999999999998,2.1362830044410592e-8,0,1.9999999999999998,0
996,4,9.42477796076938e-9,0,4,0
997,0.9999999999999946,1.0440559585430061e-7,0,0.9999999999999999,1
998,1.9999999999999987,5.2464597314949515e-8,0,1.9999999999999991,0
999,4,4.81710873550435e-9,0,4,0
1000,6,2.1991148575128553e-9,0,6,0
1001,3,3.246312408709453e-9,0,3,0
1002,3,1.801179788058148e-8,0,3,0
1003,2,7.958701389094143e-9,0,2,0
1004,2.9999999999999996,2.670353755551324e-8,0,2.9999999999999996,0
1005,3,7.853981633974483e-9,0,3,0
1006,1.9999999999999987,5.2883476335428155e-8,0,1.9999999999999991,0
1007,2,7.539822368615503e-9,0,2,0
1008,7,2.1991148575128553e-9,0,7,0
1009,0.9999999999999944,1.0566223291573651e-7,0,1,1
1010,3,1.1309733552923257e-8,0,3,0
1011,1.9999999999999993,3.560471674068432e-8,0,1.9999999999999993,0
1012,4,3.979350694547071e-9,0,4,0
1013,0.9999999999999943,1.0608111193621515e-7,0,0.9999999999999999,1
1014,4,3.246312408709453e-9,0,4,0
1015,3,4.293509959906051e-9,0,3,0
1016,4,1.392772743091475e-8,0,4,0
1017,3,1.2461650859239513e-8,0,3,0
1018,1.9999999999999987,5.351179486614612e-8,0,1.9999999999999991,0
1019,0.9999999999999943,1.0670943046693311e-7,0,0.9999999999999999,1
1020,5,3.0368728984701338e-9,0,5,0
1021,0.9999999999999943,1.0691886997717243e-7,0,0.9999999999999999,1
1022,3,8.587019919812101e-9,0,3,0
1023,3,4.71238898038469e-9,0,3,0
1024,10,2.094395102393196e-9,0,10,0
1025,3,5.340707511102649e-9,0,3,0
1026,5,3.141592653589793e-9,0,5,0
1027,2,9.6342174710087e-9,0,2,0
1028,2.9999999999999996,2.7331856086231196e-8,0,2.9999999999999996,0
1029,4,2.5132741228718343e-9,0,4,0
1030,3,1.1519173063162576e-8,0,3,0
1031,0.9999999999999942,1.0796606752836902e-7,0,1,1
1032,5,5.445427266222309e-9,0,5,0
1033,0.9999999999999941,1.0817550703860833e-7,0,0.9999999999999999,1
1034,3,6.283185307179587e-9,0,3,0
1035,4,3.5604716740684324e-9,0,4,0
1036,4,5.026548245743669e-9,0,4,0
1037,2,8.168140899333462e-9,0,2,0
1038,3,1.8640116411299437e-8,0,3,0
1039,0.9999999999999941,1.088038255693263e-7,0,0.9999999999999999,1
1040,6,2.7227136331111543e-9,0,6,0
1041,1.9999999999999993,3.665191429188091e-8,0,1.9999999999999998,0
1042,1.9999999999999987,5.4768431927582035e-8,0,1.9999999999999991,0
1043,2,1.6336281798666924e-8,0,2,0
1044,5,4.084070449666731e-9,0,5,0
1045,3,3.665191429188092e-9,0,3,0
1046,1.9999999999999984,5.497787143782135e-8,0,1.999999999999999,0
1047,1.9999999999999993,3.6861353802120235e-8,0,1.9999999999999998,0
1048,4,1.434660645139339e-8,0,4,0
1049,0.999999999999994,1.0985102312052287e-7,0,1,1
1050,5,2.303834612632515e-9,0,5,0
1051,0.9999999999999939,1.100604626307622e-7,0,0.9999999999999999,1
1052,2.9999999999999996,2.7960174616949155e-8,0,2.9999999999999996,0
1053,5,2.6179938779914945e-9,0,5,0
1054,3,5.235987755982989e-9,0,3,0
1055,1.9999999999999998,2.2619467105846507e-8,0,1.9999999999999998,0
1056,7,2.5132741228718347e-9,0,7,0
1057,2,1.6545721308906244e-8,0,2,0
1058,3,5.026548245743669e-9,0,3,0
1059,1.9999999999999993,3.7280232822598874e-8,0,1.9999999999999998,0
1060,4,6.492624817418907e-9,0,4,0
1061,0.9999999999999938,1.111076601819588e-7,0,1,1
1062,4,7.016223593017205e-9,0,4,0
1063,0.9999999999999938,1.1131709969219812e-7,0,1,1
1064,5,3.351032163829113e-9,0,5,0
1065,3,8.272860654453122e-9,0,3,0
1066,3,5.864306286700948e-9,0,3,0
1067,2,1.1309733552923257e-8,0,2,0
1068,4,1.0053096491487339e-8,0,4,0
1069,0.9999999999999938,1.1194541822291606e-7,0,1,1
1070,3,1.1938052083641214e-8,0,3,0
1071,4,3.1415926535897936e-9,0,4,0
1072,5,7.853981633974483e-9,0,5,0
1073,2,6.911503837897544e-9,0,2,0
1074,3,1.9268434942017396e-8,0,3,0
1075,3,5.5501470213419685e-9,0,3,0
1076,2.9999999999999996,2.8588493147667114e-8,0,2.9999999999999996,0
1077,1.9999999999999993,3.790855135331683e-8,0,1.9999999999999998,0
1078,4,2.8274333882308137e-9,0,4,0
1079,2,1.0053096491487339e-8,0,2,0
1080,7,2.0943951023931954e-9,0,7,0
1081,2,7.3303828583761845e-9,0,2,0
1082,1.9999999999999984,5.6862827029975224e-8,0,1.9999999999999993,0
1083,3,4.293509959906051e-9,0,3,0
1084,2.9999999999999996,2.8797932657906434e-8,0,2.9999999999999996,0
1085,3,4.50294947014537e-9,0,3,0
1086,3,1.9477874452256715e-8,0,3,0
1087,0.9999999999999936,1.1383037381506992e-7,0,1,1
1088,7,3.0368728984701338e-9,0,7,0
1089,4,2.932153143350474e-9,0,4,0
1090,3,1.2147491593880533e-8,0,3,0
1091,0.9999999999999934,1.1424925283554856e-7,0,0.9999999999999999,1
1092,5,2.827433388230814e-9,0,5,0
1093,0.9999999999999934,1.1445869234578789e-7,0,0.9999999999999999,1
1094,1.9999999999999982,5.749114556069318e-8,0,1.9999999999999991,0
1095,3,8.482300164692442e-9,0,3,0
1096,4,1.497492498211135e-8,0,4,0
1097,0.9999999999999934,1.1487757136626652e-7,0,0.9999999999999999,1
1098,4,7.225663103256525e-9,0,4,0
1099,2,1.7174039839624203e-8,0,2,0
1100,5,2.6179938779914945e-9,0,5,0
1101,1.9999999999999991,3.874630939427411e-8,0,1.9999999999999996,0
1102,3,5.235987755982989e-9,0,3,0
1103,0.9999999999999933,1.1550588989698448e-7,0,1,1
1104,6,3.5604716740684324e-9,0,6,0
1105,3,3.665191429188092e-9,0,3,0
1106,3,9.21533845053006e-9,0,3,0
1107,4,5.235987755982989e-9,0,4,0
1108,2.9999999999999996,2.9426251188624393e-8,0,2.9999999999999996,0
1109,0.9999999999999932,1.1613420842770243e-7,0,0.9999999999999999,1
1110,4,4.92182849062401e-9,0,4,0
1111,2,1.1728612573401896e-8,0,2,0
1112,4,1.5184364492350668e-8,0,4,0
1113,3,6.597344572538567e-9,0,3,0
1114,1.9999999999999982,5.8538343111889775e-8,0,1.9999999999999991,0
1115,1.9999999999999998,2.3876104167282424e-8,0,1.9999999999999998,0
1116,5,4.293509959906051e-9,0,5,0
1117,0.9999999999999931,1.1697196646865971e-7,0,1,1
1118,3,6.0737457969402675e-9,0,3,0
1119,1.9999999999999991,3.9374627924992063e-8,0,1.9999999999999996,0
1120,7,2.303834612632515e-9,0,7,0
1121,2,8.168140899333462e-9,0,2,0
1122,4,3.4557519189487726e-9,0,4,0
1123,0.9999999999999931,1.1760028499937766e-7,0,1,1
1124,2.9999999999999996,2.984513020910303e-8,0,2.9999999999999996,0
1125,5,2.1991148575128553e-9,0,5,0
1126,1.9999999999999982,5.916666164260774e-8,0,1.9999999999999991,0
1127,3,3.8746309394274115e-9,0,3,0
1128,5,5.864306286700948e-9,0,5,0
1129,0.999999999999993,1.1822860353009561e-7,0,0.9999999999999999,1
1130,3,1.2566370614359173e-8,0,3,0
1131,3,4.71238898038469e-9,0,3,0
1132,2.9999999999999996,3.005456971934235e-8,0,2.9999999999999996,0
1133,2,1.1938052083641215e-8,0,2,0
1134,6,2.1991148575128553e-9,0,6,0
1135,1.9999999999999996,2.4294983187761064e-8,0,1.9999999999999996,0
1136,5,8.272860654453122e-9,0,5,0
1137,1.9999999999999991,4.000294645571002e-8,0,1.9999999999999996,0
1138,1.9999999999999982,5.97949801733257e-8,0,1.9999999999999991,0
1139,2,8.796459430051421e-9,0,2,0
1140,5,3.246312408709453e-9,0,5,0
1141,2,1.7802358370342162e-8,0,2,0
1142,1.9999999999999982,6.000441968356501e-8,0,1.9999999999999991,0
1143,3,1.392772743091475e-8,0,3,0
1144,5,3.1415926535897936e-9,0,5,0
1145,1.9999999999999996,2.4504422698000383e-8,0,1.9999999999999996,0
1146,3,2.0525072003453314e-8,0,3,0
1147,2,7.120943348136864e-9,0,2,0
1148,4,5.445427266222309e-9,0,4,0
1149,1.9999999999999991,4.042182547618866e-8,0,1.9999999999999996,0
1150,4,3.6651914291880922e-9,0,4,0
1151,0.9999999999999928,1.205324381427281e-7,0,0.9999999999999999,1
1152,9,2.094395102393196e-9,0,9,0
1153,0.9999999999999927,1.2074187765296742e-7,0,1,1
1154,1.9999999999999982,6.063273821428298e-8,0,1.9999999999999991,0
1155,4,2.7227136331111543e-9,0,4,0
1156,4,3.979350694547071e-9,0,4,0
1157,2,1.0681415022205298e-8,0,2,0
1158,3,2.0734511513692633e-8,0,3,0
1159,2,8.377580409572782e-9,0,2,0
1160,5,4.188790204786391e-9,0,5,0
1161,4,5.445427266222309e-9,0,4,0
1162,3,9.6342174710087e-9,0,3,0
1163,0.9999999999999926,1.2178907520416402e-7,0,0.9999999999999999,1
1164,4,1.0890854532444617e-8,0,4,0
1165,1.9999999999999996,2.4923301718479022e-8,0,1.9999999999999996,0
1166,3,6.911503837897546e-9,0,3,0
1167,1.9999999999999991,4.1050144006906614e-8,0,1.9999999999999996,0
1168,5,8.482300164692442e-9,0,5,0
1169,2,1.82212373908208e-8,0,2,0
1170,5,2.7227136331111543e-9,0,5,0
1171,0.9999999999999925,1.2262683324512128e-7,0,1,1
1172,2.9999999999999996,3.1101767270538946e-8,0,2.9999999999999996,0
1173,3,4.50294947014537e-9,0,3,0
1174,1.9999999999999982,6.167993576547957e-8,0,1.9999999999999991,0
1175,3,5.969026041820608e-9,0,3,0
1176,6,2.4085543677521745e-9,0,6,0
1177,2,1.2356931104119853e-8,0,2,0
1178,3,5.445427266222309e-9,0,3,0
1179,3,1.434660645139339e-8,0,3,0
1180,4,7.120943348136864e-9,0,4,0
1181,0.9999999999999923,1.2367403079631788e-7,0,0.9999999999999999,1
1182,3,2.1153390534171272e-8,0,3,0
1183,3,3.4557519189487726e-9,0,3,0
1184,6,4.92182849062401e-9,0,6,0
1185,3,9.1106186954104e-9,0,3,0
1186,1.9999999999999982,6.230825429619753e-8,0,1.9999999999999991,0
1187,0.9999999999999922,1.2430234932703584e-7,0,1,1
1188,6,2.5132741228718347e-9,0,6,0
1189,2,7.330382858376184e-9,0,2,0
1190,4,3.246312408709453e-9,0,4,0
1191,1.9999999999999991,4.188790204786389e-8,0,1.9999999999999996,0
1192,4,1.6231562043547266e-8,0,4,0
1193,0.9999999999999922,1.249306678577538e-7,0,1,1
1194,3,2.1362830044410592e-8,0,3,0
1195,1.9999999999999996,2.555162024919698e-8,0,1.9999999999999996,0
1196,4,4.188790204786391e-9,0,4,0
1197,4,3.351032163829113e-9,0,4,0
1198,1.999999999999998,6.293657282691549e-8,0,1.999999999999999,0
1199,2,1.2566370614359173e-8,0,2,0
1200,7,2.1991148575128553e-9,0,7,0
1201,0.9999999999999921,1.2576842589871103e-7,0,0.9999999999999999,1
1202,1.999999999999998,6.314601233715481e-8,0,1.999999999999999,0
1203,1.9999999999999991,4.230678106834253e-8,0,1.9999999999999996,0
1204,4,5.654866776461628e-9,0,4,0
1205,1.9999999999999996,2.57610597594363e-8,0,1.9999999999999996,0
1206,4,7.853981633974483e-9,0,4,0
1207,2,9.21533845053006e-9,0,2,0
1208,4,1.6441001553786586e-8,0,4,0
1209,3,4.92182849062401e-9,0,3,0
1210,4,3.0368728984701334e-9,0,4,0
1211,2,1.8849555921538757e-8,0,2,0
1212,4,1.1309733552923257e-8,0,4,0
1213,0.9999999999999919,1.2702506296014697e-7,0,0.9999999999999999,1
1214,1.999999999999998,6.377433086787277e-8,0,1.999999999999999,0
1215,6,2.0943951023931954e-9,0,6,0
1216,7,3.246312408709453e-9,0,7,0
1217,0.9999999999999919,1.274439419806256e-7,0,0.9999999999999999,1
1218,4,4.293509959906051e-9,0,4,0
1219,2,7.958701389094143e-9,0,2,0
1220,4,7.330382858376184e-9,0,4,0
1221,3,5.340707511102649e-9,0,3,0
1222,3,6.492624817418907e-9,0,3,0
1223,0.9999999999999918,1.2807226051134357e-7,0,1,1
1224,6,3.0368728984701338e-9,0,6,0
1225,4,2.5132741228718343e-9,0,4,0
1226,1.9999999999999978,6.440264939859072e-8,0,1.9999999999999987,0
1227,1.9999999999999991,4.314453910929981e-8,0,1.9999999999999996,0
1228,2.9999999999999996,3.256784384221418e-8,0,2.9999999999999996,0
1229,0.9999999999999917,1.2870057904206153e-7,0,0.9999999999999999,1
1230,4,5.340707511102649e-9,0,4,0
1231,0.9999999999999917,1.2891001855230084e-7,0,0.9999999999999999,1
1232,6,2.7227136331111543e-9,0,6,0
1233,3,1.497492498211135e-8,0,3,0
1234,1.9999999999999978,6.482152841906937e-8,0,1.9999999999999987,0
1235,3,3.8746309394274115e-9,0,3,0
1236,4,1.1519173063162576e-8,0,4,0
1237,0.9999999999999916,1.2953833708301877e-7,0,1,1
1238,1.9999999999999978,6.503096792930868e-8,0,1.9999999999999987,0
1239,3,7.225663103256524e-9,0,3,0
1240,5,4.3982297150257105e-9,0,5,0
1241,2,9.42477796076938e-9,0,2,0
1242,5,3.5604716740684324e-9,0,5,0
1243,2,1.2985249634837812e-8,0,2,0
1244,2.9999999999999996,3.298672286269282e-8,0,2.9999999999999996,0
1245,3,9.52949771588904e-9,0,3,0
1246,3,1.0262536001726658e-8,0,3,0
1247,2,7.539822368615503e-9,0,2,0
1248,7,2.7227136331111543e-9,0,7,0
1249,0.9999999999999915,1.3079497414445468e-7,0,0.9999999999999999,1
1250,5,2.303834612632515e-9,0,5,0
1251,3,1.5184364492350668e-8,0,3,0
1252,2.9999999999999996,3.319616237293214e-8,0,2.9999999999999996,0
1253,1.9999999999999998,1.9477874452256715e-8,0,1.9999999999999998,0
1254,4,3.665191429188092e-9,0,4,0
1255,1.9999999999999996,2.68082573106329e-8,0,1.9999999999999996,0
1256,4,1.7069320084504545e-8,0,4,0
1257,1.9999999999999991,4.419173666049641e-8,0,1.9999999999999996,0
1258,3,5.864306286700947e-9,0,3,0
1259,0.9999999999999913,1.3184217169565128e-7,0,1,1
1260,6,2.303834612632515e-9,0,6,0
1261,2,1.1519173063162576e-8,0,2,0
1262,1.9999999999999978,6.628760499074459e-8,0,1.9999999999999987,0
1263,1.9999999999999991,4.440117617073573e-8,0,1.9999999999999996,0
1264,5,9.1106186954104e-9,0,5,0
1265,3,4.084070449666731e-9,0,3,0
1266,3,2.2619467105846507e-8,0,3,0
1267,1.9999999999999998,1.9687313962496035e-8,0,1.9999999999999998,0
1268,2.9999999999999996,3.361504139341078e-8,0,2.9999999999999996,0
1269,4,5.864306286700948e-9,0,4,0
1270,3,1.403244718603441e-8,0,3,0
1271,2,7.539822368615503e-9,0,2,0
1272,5,6.492624817418907e-9,0,5,0
1273,2,9.00589894029074e-9,0,2,0
1274,4,3.0368728984701334e-9,0,4,0
1275,4,3.1415926535897936e-9,0,4,0
1276,4,4.60766922526503e-9,0,4,0
1277,0.999999999999991,1.3372712728780515e-7,0,0.9999999999999999,1
1278,4,8.272860654453122e-9,0,4,0
1279,0.999999999999991,1.3393656679804446e-7,0,0.9999999999999999,1
1280,9,2.1991148575128553e-9,0,9,0
1281,3,7.4351026134958435e-9,0,3,0
1282,1.9999999999999978,6.733480254194118e-8,0,1.9999999999999987,0
1283,0.999999999999991,1.343554458185231e-7,0,0.9999999999999999,1
1284,4,1.1938052083641214e-8,0,4,0
1285,1.9999999999999996,2.7436575841350855e-8,0,1.9999999999999996,0
1286,1.9999999999999978,6.75442420521805e-8,0,1.9999999999999987,0
1287,4,3.1415926535897936e-9,0,4,0
1288,5,3.769911184307752e-9,0,5,0
1289,0.9999999999999909,1.3498376434924106e-7,0,1,1
1290,4,5.5501470213419685e-9,0,4,0
1291,0.9999999999999909,1.3519320385948034e-7,0,1,1
1292,4,4.188790204786391e-9,0,4,0
1293,1.9999999999999991,4.544837372193233e-8,0,1.9999999999999996,0
1294,1.9999999999999978,6.796312107265915e-8,0,1.9999999999999987,0
1295,3,5.131268000863329e-9,0,3,0
1296,8,2.094395102393196e-9,0,8,0
1297,0.9999999999999908,1.358215223901983e-7,0,0.9999999999999999,1
1298,3,7.539822368615503e-9,0,3,0
1299,1.9999999999999991,4.5657813232171646e-8,0,1.9999999999999996,0
1300,5,2.827433388230814e-9,0,5,0
1301,0.9999999999999907,1.3624040141067694e-7,0,1,1
1302,4,4.50294947014537e-9,0,4,0
1303,0.9999999999999907,1.3644984092091625e-7,0,1,1
1304,4,1.7697638615222504e-8,0,4,0
1305,4,4.188790204786391e-9,0,4,0
1306,1.9999999999999978,6.85914396033771e-8,0,1.9999999999999987,0
1307,0.9999999999999907,1.368687199413949e-7,0,1,1
1308,4,1.2147491593880533e-8,0,4,0
1309,3,3.665191429188092e-9,0,3,0
1310,3,1.445132620651305e-8,0,3,0
1311,3,4.71238898038469e-9,0,3,0
1312,6,5.340707511102649e-9,0,6,0
1313,2,1.1938052083641215e-8,0,2,0
1314,4,8.482300164692442e-9,0,4,0
1315,1.9999999999999996,2.8064894372068814e-8,0,1.9999999999999996,0
1316,4,6.0737457969402675e-9,0,4,0
1317,1.999999999999999,4.628613176288961e-8,0,1.9999999999999993,0
1318,1.9999999999999978,6.921975813409506e-8,0,1.9999999999999987,0
1319,0.9999999999999905,1.3812535700283078e-7,0,1,1
1320,6,2.6179938779914945e-9,0,6,0
1321,0.9999999999999905,1.3833479651307012e-7,0,1,1
1322,1.9999999999999976,6.942919764433438e-8,0,1.9999999999999984,0
1323,5,2.4085543677521745e-9,0,5,0
1324,2.9999999999999996,3.5081117965086016e-8,0,2.9999999999999996,0
1325,3,6.597344572538567e-9,0,3,0
1326,4,3.665191429188092e-9,0,4,0
1327,0.9999999999999903,1.3896311504378807e-7,0,0.9999999999999999,1
1328,5,9.52949771588904e-9,0,5,0
1329,1.999999999999999,4.670501078336824e-8,0,1.9999999999999993,0
1330,4,3.455751918948772e-9,0,4,0
1331,3,3.4557519189487726e-9,0,3,0
1332,5,4.92182849062401e-9,0,5,0
1333,2,7.749261878854823e-9,0,2,0
1334,3,5.654866776461628e-9,0,3,0
1335,3,1.0157816246606999e-8,0,3,0
1336,4,1.8116517635701143e-8,0,4,0
1337,1.9999999999999998,2.0734511513692633e-8,0,1.9999999999999998,0
1338,3,2.3876104167282424e-8,0,3,0
1339,2,1.2147491593880535e-8,0,2,0
1340,4,7.958701389094143e-9,0,4,0
1341,3,1.6231562043547266e-8,0,3,0
1342,3,7.749261878854823e-9,0,3,0
1343,2,1.0053096491487339e-8,0,2,0
1344,8,2.303834612632515e-9,0,8,0
1345,1.9999999999999996,2.8693212902786772e-8,0,1.9999999999999996,0
1346,1.9999999999999976,7.068583470577029e-8,0,1.999999999999999,0
1347,1.999999999999999,4.7333329314086196e-8,0,1.9999999999999993,0
1348,2.999999999999999,3.570943649580398e-8,0,2.999999999999999,0
1349,2,9.42477796076938e-9,0,2,0
1350,6,2.1991148575128553e-9,0,6,0
1351,1.9999999999999998,2.0943951023931953e-8,0,1.9999999999999998,0
1352,5,3.351032163829113e-9,0,5,0
1353,3,5.759586531581288e-9,0,3,0
1354,1.9999999999999973,7.110471372624894e-8,0,1.9999999999999987,0
1355,1.9999999999999996,2.8902652413026092e-8,0,1.9999999999999996,0
1356,4,1.2566370614359173e-8,0,4,0
1357,2,8.587019919812101e-9,0,2,0
1358,3,1.1100294042683937e-8,0,3,0
1359,3,1.6441001553786586e-8,0,3,0
1360,6,3.1415926535897936e-9,0,6,0
1361,0.9999999999999899,1.4252358671785647e-7,0,0.9999999999999999,1
1362,2.9999999999999996,2.4294983187761064e-8,0,2.9999999999999996,0
1363,2,7.958701389094143e-9,0,2,0
1364,4,4.81710873550435e-9,0,4,0
1365,4,2.932153143350474e-9,0,4,0
1366,1.9999999999999973,7.173303225696688e-8,0,1.9999999999999987,0
1367,0.9999999999999898,1.4315190524857443e-7,0,1,1
1368,6,3.246312408709453e-9,0,6,0
1369,2,7.749261878854823e-9,0,2,0
1370,3,1.5079644737231007e-8,0,3,0
1371,1.999999999999999,4.8171087355043475e-8,0,1.9999999999999993,0
1372,5,2.617993877991494e-9,0,5,0
1373,0.9999999999999897,1.4378022377929236e-7,0,0.9999999999999999,1
1374,2.9999999999999996,2.4504422698000383e-8,0,2.9999999999999996,0
1375,4,2.7227136331111543e-9,0,4,0
1376,6,5.5501470213419685e-9,0,6,0
1377,5,3.0368728984701338e-9,0,5,0
1378,3,7.120943348136866e-9,0,3,0
1379,1.9999999999999998,2.1362830044410592e-8,0,1.9999999999999998,0
1380,5,3.6651914291880922e-9,0,5,0
1381,0.9999999999999896,1.4461798182024965e-7,0,1,1
1382,1.9999999999999973,7.257079029792416e-8,0,1.9999999999999987,0
1383,1.999999999999999,4.8589966375522114e-8,0,1.9999999999999993,0
1384,4,1.87448361664191e-8,0,4,0
1385,1.9999999999999996,2.953097094374405e-8,0,1.9999999999999996,0
1386,5,2.7227136331111543e-9,0,5,0
1387,2,9.6342174710087e-9,0,2,0
1388,2.999999999999999,3.675663404700057e-8,0,2.999999999999999,0
1389,1.9999999999999987,4.879940588576144e-8,0,1.9999999999999991,0
1390,3,1.5289084247470326e-8,0,3,0
1391,2,1.2566370614359173e-8,0,2,0
1392,6,4.188790204786391e-9,0,6,0
1393,1.9999999999999998,2.1572269554649912e-8,0,1.9999999999999998,0
1394,3,6.283185307179586e-9,0,3,0
1395,4,4.3982297150257105e-9,0,4,0
1396,2.999999999999999,3.6966073557239896e-8,0,2.999999999999999,0
1397,2,1.445132620651305e-8,0,2,0
1398,2.9999999999999996,2.4923301718479022e-8,0,2.9999999999999996,0
1399,0.9999999999999892,1.465029374124035e-7,0,0.9999999999999999,1
1400,6,2.408554367752175e-9,0,6,0
1401,1.9999999999999987,4.9218284906240076e-8,0,1.9999999999999991,0
1402,1.9999999999999973,7.361798784912076e-8,0,1.9999999999999987,0
1403,2,8.796459430051421e-9,0,2,0
1404,6,2.7227136331111543e-9,0,6,0
1405,1.9999999999999996,2.994984996422269e-8,0,1.9999999999999996,0
1406,3,6.073745796940267e-9,0,3,0
1407,3,8.063421144213802e-9,0,3,0
1408,8,2.6179938779914945e-9,0,8,0
1409,0.9999999999999891,1.475501349636001e-7,0,1,1
1410,4,5.969026041820608e-9,0,4,0
1411,2,1.0471975511965978e-8,0,2,0
1412,2.999999999999999,3.7384952577718535e-8,0,2.999999999999999,0
1413,3,1.7069320084504545e-8,0,3,0
1414,3,1.1519173063162576e-8,0,3,0
1415,1.9999999999999996,3.015928947446201e-8,0,1.9999999999999996,0
1416,5,7.120943348136864e-9,0,5,0
1417,2,1.2775810124598492e-8,0,2,0
1418,1.9999999999999973,7.445574589007804e-8,0,1.9999999999999987,0
1419,3,5.969026041820608e-9,0,3,0
1420,4,8.377580409572782e-9,0,4,0
1421,3,4.50294947014537e-9,0,3,0
1422,4,9.1106186954104e-9,0,4,0
1423,0.9999999999999889,1.490162115352753e-7,0,1,1
1424,5,1.0157816246606999e-8,0,5,0
1425,4,3.351032163829113e-9,0,4,0
1426,3,5.864306286700948e-9,0,3,0
1427,0.9999999999999888,1.4943509055575393e-7,0,0.9999999999999999,1
1428,5,3.2463124087094534e-9,0,5,0
1429,0.9999999999999888,1.4964453006599327e-7,0,0.9999999999999999,1
1430,4,3.246312408709453e-9,0,4,0
1431,4,6.492624817418907e-9,0,4,0
1432,4,1.9373154697137057e-8,0,4,0
1433,0.9999999999999888,1.500634090864719e-7,0,0.9999999999999999,1
1434,2.9999999999999996,2.555162024919698e-8,0,2.9999999999999996,0
1435,3,5.5501470213419685e-9,0,3,0
1436,2.999999999999999,3.801327110843649e-8,0,2.999999999999999,0
1437,1.9999999999999987,5.047492196767599e-8,0,1.9999999999999991,0
1438,1.9999999999999971,7.550294344127464e-8,0,1.9999999999999984,0
1439,0.9999999999999887,1.5069172761718984e-7,0,1,1
1440,8,2.1991148575128553e-9,0,8,0
1441,2,1.4870205226991689e-8,0,2,0
1442,3,1.1728612573401896e-8,0,3,0
1443,3,5.5501470213419685e-9,0,3,0
1444,4,4.3982297150257105e-9,0,4,0
1445,3,4.084070449666731e-9,0,3,0
1446,2.9999999999999996,2.57610597594363e-8,0,2.9999999999999996,0
1447,0.9999999999999886,1.515294856581471e-7,0,0.9999999999999999,1
1448,4,1.9582594207376377e-8,0,4,0
1449,4,3.769911184307752e-9,0,4,0
1450,4,4.293509959906051e-9,0,4,0
1451,0.9999999999999885,1.5194836467862575e-7,0,1,1
1452,5,3.0368728984701334e-9,0,5,0
1453,0.9999999999999885,1.5215780418886506e-7,0,1,1
1454,1.9999999999999971,7.634070148223189e-8,0,1.9999999999999984,0
1455,3,1.0995574287564277e-8,0,3,0
1456,6,2.932153143350474e-9,0,6,0
1457,2,8.168140899333462e-9,0,2,0
1458,7,2.094395102393196e-9,0,7,0
1459,0.9999999999999883,1.5278612271958302e-7,0,0.9999999999999999,1
1460,4,8.587019919812101e-9,0,4,0
1461,1.9999999999999987,5.1312680008633266e-8,0,1.9999999999999991,0
1462,3,6.492624817418906e-9,0,3,0
1463,3,3.8746309394274115e-9,0,3,0
1464,5,7.330382858376184e-9,0,5,0
1465,1.9999999999999996,3.120648702565861e-8,0,1.9999999999999996,0
1466,1.999999999999997,7.696902001294986e-8,0,1.9999999999999982,0
1467,3,1.7697638615222504e-8,0,3,0
1468,2.999999999999999,3.885102914939377e-8,0,2.999999999999999,0
1469,2,1.3194689145077132e-8,0,2,0
1470,5,2.5132741228718343e-9,0,5,0
1471,0.9999999999999881,1.5404275978101893e-7,0,0.9999999999999999,1
1472,7,3.6651914291880922e-9,0,7,0
1473,1.9999999999999987,5.1731559029111905e-8,0,1.9999999999999991,0
1474,3,8.377580409572782e-9,0,3,0
1475,3,7.225663103256524e-9,0,3,0
1476,5,5.340707511102649e-9,0,5,0
1477,1.9999999999999998,2.2828906616085826e-8,0,1.9999999999999998,0
1478,1.999999999999997,7.759733854366782e-8,0,1.9999999999999982,0
1479,3,5.131268000863329e-9,0,3,0
1480,5,5.026548245743669e-9,0,5,0
1481,0.999999999999988,1.5508995733221553e-7,0,1,1
1482,4,3.8746309394274115e-9,0,4,0
1483,0.9999999999999879,1.5529939684245481e-7,0,0.9999999999999999,1
1484,4,6.7020643276582264e-9,0,4,0
1485,5,2.6179938779914945e-9,0,5,0
1486,1.999999999999997,7.801621756414645e-8,0,1.9999999999999982,0
1487,0.9999999999999879,1.5571827586293346e-7,0,0.9999999999999999,1
1488,6,4.3982297150257105e-9,0,6,0
1489,0.9999999999999879,1.5592771537317277e-7,0,0.9999999999999999,1
1490,3,1.6336281798666924e-8,0,3,0
1491,3,8.482300164692442e-9,0,3,0
1492,2.999999999999999,3.9479347680111725e-8,0,2.999999999999999,0
1493,0.9999999999999878,1.5634659439365142e-7,0,1,1
1494,4,9.52949771588904e-9,0,4,0
1495,3,4.293509959906051e-9,0,3,0
1496,5,3.5604716740684324e-9,0,5,0
1497,1.9999999999999987,5.256931707006918e-8,0,1.9999999999999991,0
1498,3,1.2147491593880533e-8,0,3,0
1499,0.9999999999999877,1.5697491292436937e-7,0,0.9999999999999999,1
1500,6,2.303834612632515e-9,0,6,0
1501,2,1.0262536001726658e-8,0,2,0
1502,1.999999999999997,7.885397560510373e-8,0,1.9999999999999982,0
1503,3,1.8116517635701143e-8,0,3,0
1504,6,5.969026041820608e-9,0,6,0
1505,3,5.759586531581288e-9,0,3,0
1506,2.9999999999999996,2.68082573106329e-8,0,2.9999999999999996,0
1507,2,1.5498523757709646e-8,0,2,0
1508,4,4.81710873550435e-9,0,4,0
1509,1.9999999999999987,5.2988196090547816e-8,0,1.9999999999999991,0
1510,3,1.6545721308906244e-8,0,3,0
1511,0.9999999999999875,1.5823154998580526e-7,0,0.9999999999999999,1
1512,7,2.303834612632515e-9,0,7,0
1513,2,1.1100294042683937e-8,0,2,0
1514,1.999999999999997,7.94822941358217e-8,0,1.9999999999999982,0
1515,3,1.1414453308042916e-8,0,3,0
1516,2.999999999999999,4.010766621082968e-8,0,2.999999999999999,0
1517,2,8.168140899333462e-9,0,2,0
1518,4,4.084070449666731e-9,0,4,0
1519,3,4.71238898038469e-9,0,3,0
1520,6,3.351032163829113e-9,0,6,0
1521,4,3.351032163829113e-9,0,4,0
1522,1.999999999999997,7.990117315630033e-8,0,1.9999999999999982,0
1523,0.9999999999999872,1.5948818704724114e-7,0,0.9999999999999999,1
1524,4,1.403244718603441e-8,0,4,0
1525,3,7.4351026134958435e-9,0,3,0
1526,3,1.2356931104119853e-8,0,3,0
1527,1.9999999999999987,5.361651462126578e-8,0,1.9999999999999991,0
1528,4,2.0629791758572975e-8,0,4,0
1529,2,1.5707963267948965e-8,0,2,0
1530,5,3.1415926535897936e-9,0,5,0
1531,0.9999999999999871,1.6032594508819843e-7,0,1,1
1532,2.999999999999999,4.052654523130832e-8,0,2.999999999999999,0
1533,3,8.691739674931761e-9,0,3,0
1534,3,7.749261878854823e-9,0,3,0
1535,1.9999999999999996,3.267256359733384e-8,0,1.9999999999999996,0
1536,10,2.1991148575128557e-9,0,10,0
1537,2,8.587019919812101e-9,0,2,0
1538,1.999999999999997,8.07389311972576e-8,0,1.9999999999999982,0
1539,5,3.246312408709453e-9,0,5,0
1540,5,2.8274333882308137e-9,0,5,0
1541,2,9.42477796076938e-9,0,2,0
1542,2.9999999999999996,2.7436575841350855e-8,0,2.9999999999999996,0
1543,0.9999999999999869,1.6158258214963432e-7,0,1,1
1544,4,2.0839231268812295e-8,0,4,0
1545,3,1.1623892818282236e-8,0,3,0
1546,1.9999999999999967,8.115781021773624e-8,0,1.999999999999998,0
1547,3,3.8746309394274115e-9,0,3,0
1548,5,5.5501470213419685e-9,0,5,0
1549,0.9999999999999868,1.6221090068035227e-7,0,0.9999999999999999,1
1550,4,4.50294947014537e-9,0,4,0
1551,3,6.387905062299247e-9,0,3,0
1552,5,1.0995574287564277e-8,0,5,0
1553,0.9999999999999868,1.6262977970083092e-7,0,0.9999999999999999,1
1554,4,5.131268000863329e-9,0,4,0
1555,1.9999999999999996,3.309144261781248e-8,0,1.9999999999999996,0
1556,2.999999999999999,4.1154863762026275e-8,0,2.999999999999999,0
1557,3,1.87448361664191e-8,0,3,0
1558,3,6.492624817418906e-9,0,3,0
1559,0.9999999999999867,1.6325809823154887e-7,0,1,1
1560,6,2.827433388230814e-9,0,6,0
1561,1.9999999999999998,2.4085543677521744e-8,0,1.9999999999999998,0
1562,3,8.796459430051421e-9,0,3,0
1563,1.9999999999999987,5.4873151682701696e-8,0,1.9999999999999991,0
1564,4,4.60766922526503e-9,0,4,0
1565,1.9999999999999996,3.3300882128051804e-8,0,1.9999999999999996,0
1566,5,4.188790204786391e-9,0,5,0
1567,0.9999999999999866,1.6409585627250614e-7,0,0.9999999999999999,1
1568,7,2.5132741228718343e-9,0,7,0
1569,1.9999999999999984,5.508259119294101e-8,0,1.999999999999999,0
1570,3,1.7174039839624203e-8,0,3,0
1571,0.9999999999999865,1.6451473529298476e-7,0,1,1
1572,4,1.445132620651305e-8,0,4,0
1573,3,3.6651914291880922e-9,0,3,0
1574,1.9999999999999964,8.262388678941148e-8,0,1.9999999999999982,0
1575,5,2.408554367752175e-9,0,5,0
1576,4,2.1258110289290934e-8,0,4,0
1577,2,1.0681415022205298e-8,0,2,0
1578,2.9999999999999996,2.8064894372068814e-8,0,2.9999999999999996,0
1579,0.9999999999999863,1.6535249333394205e-7,0,0.9999999999999999,1
1580,4,9.21533845053006e-9,0,4,0
1581,3,5.340707511102649e-9,0,3,0
1582,3,1.2775810124598492e-8,0,3,0
1583,0.9999999999999862,1.6577137235442064e-7,0,1,1
1584,7,2.6179938779914945e-9,0,7,0
1585,1.9999999999999996,3.3719761148530443e-8,0,1.9999999999999996,0
1586,3,7.958701389094143e-9,0,3,0
1587,3,5.131268000863329e-9,0,3,0
1588,2.999999999999999,4.1992621802983554e-8,0,2.999999999999999,0
1589,1.9999999999999996,2.4504422698000383e-8,0,1.9999999999999996,0
1590,4,6.597344572538567e-9,0,4,0
1591,2,8.377580409572782e-9,0,2,0
1592,4,2.1467549799530254e-8,0,4,0
1593,4,7.120943348136864e-9,0,4,0
1594,1.9999999999999964,8.367108434060808e-8,0,1.9999999999999982,0
1595,3,4.71238898038469e-9,0,3,0
1596,5,3.4557519189487726e-9,0,5,0
1597,0.999999999999986,1.672374489260959e-7,0,1,1
1598,3,6.911503837897545e-9,0,3,0
1599,3,5.969026041820608e-9,0,3,0
1600,8,2.303834612632515e-9,0,8,0
1601,0.9999999999999859,1.676563279465745e-7,0,0.9999999999999999,1
1602,4,1.0157816246606999e-8,0,4,0
1603,1.9999999999999996,2.4713862208239703e-8,0,1.9999999999999996,0
1604,2.999999999999999,4.241150082346219e-8,0,2.999999999999999,0
1605,3,1.2042771838760874e-8,0,3,0
1606,3,9.00589894029074e-9,0,3,0
1607,0.9999999999999858,1.6828464647729247e-7,0,1,1
1608,5,7.958701389094143e-9,0,5,0
1609,0.9999999999999858,1.6849408598753178e-7,0,1,1
1610,4,3.8746309394274115e-9,0,4,0
1611,3,1.9373154697137057e-8,0,3,0
1612,4,5.026548245743669e-9,0,4,0
1613,0.9999999999999858,1.6891296500801042e-7,0,1,1
1614,2.9999999999999996,2.8693212902786772e-8,0,2.9999999999999996,0
1615,3,4.293509959906051e-9,0,3,0
1616,5,1.1414453308042916e-8,0,5,0
1617,4,2.9321531433504735e-9,0,4,0
1618,1.9999999999999964,8.492772140204397e-8,0,1.9999999999999982,0
1619,0.9999999999999857,1.6954128353872835e-7,0,0.9999999999999999,1
1620,7,2.1991148575128553e-9,0,7,0
1621,0.9999999999999856,1.6975072304896769e-7,0,1,1
1622,1.9999999999999964,8.51371609122833e-8,0,1.9999999999999982,0
1623,1.9999999999999984,5.6967546785094886e-8,0,1.9999999999999993,0
1624,5,4.3982297150257105e-9,0,5,0
1625,4,2.932153143350474e-9,0,4,0
1626,2.9999999999999996,2.8902652413026092e-8,0,2.9999999999999996,0
1627,0.9999999999999855,1.7037904157968564e-7,0,0.9999999999999999,1
1628,4,5.445427266222308e-9,0,4,0
1629,3,1.9582594207376377e-8,0,3,0
1630,3,1.7802358370342162e-8,0,3,0
1631,1.9999999999999996,2.5132741228718342e-8,0,1.9999999999999996,0
1632,7,3.1415926535897936e-9,0,7,0
1633,2,9.84365698124802e-9,0,2,0
1634,3,6.702064327658226e-9,0,3,0
1635,3,1.2252211349000193e-8,0,3,0
1636,2.999999999999999,4.324925886441947e-8,0,2.999999999999999,0
1637,0.9999999999999853,1.7142623913088222e-7,0,1,1
1638,5,2.932153143350474e-9,0,5,0
1639,2,1.6755160819145564e-8,0,2,0
1640,5,5.445427266222309e-9,0,5,0
1641,1.9999999999999982,5.759586531581284e-8,0,1.9999999999999991,0
1642,1.9999999999999964,8.618435846347989e-8,0,1.9999999999999982,0
1643,2,8.796459430051421e-9,0,2,0
1644,4,1.5079644737231007e-8,0,4,0
1645,3,6.178465552059927e-9,0,3,0
1646,1.9999999999999964,8.639379797371921e-8,0,1.9999999999999982,0
1647,4,7.330382858376184e-9,0,4,0
1648,5,1.1623892818282236e-8,0,5,0
1649,2,1.1938052083641215e-8,0,2,0
1650,5,2.7227136331111543e-9,0,5,0
1651,2,1.4660765716752369e-8,0,2,0
1652,4,7.330382858376184e-9,0,4,0
1653,3,5.340707511102649e-9,0,3,0
1654,1.9999999999999962,8.681267699419785e-8,0,1.999999999999998,0
1655,1.9999999999999996,3.518583772020568e-8,0,1.9999999999999996,0
1656,6,3.6651914291880922e-9,0,6,0
1657,0.9999999999999849,1.7352063423327537e-7,0,1,1
1658,1.9999999999999962,8.702211650443716e-8,0,1.999999999999998,0
1659,3,9.32005820564972e-9,0,3,0
1660,4,9.6342174710087e-9,0,4,0
1661,2,1.6964600329384883e-8,0,2,0
1662,2.9999999999999996,2.953097094374405e-8,0,2.9999999999999996,0
1663,0.9999999999999848,1.7414895276399332e-7,0,0.9999999999999999,1
1664,8,2.827433388230814e-9,0,8,0
1665,4,5.026548245743669e-9,0,4,0
1666,4,3.455751918948772e-9,0,4,0
1667,0.9999999999999848,1.7456783178447197e-7,0,0.9999999999999999,1
1668,4,1.5289084247470326e-8,0,4,0
1669,0.9999999999999847,1.7477727129471125e-7,0,1,1
1670,3,1.82212373908208e-8,0,3,0
1671,1.9999999999999982,5.8643062867009436e-8,0,1.9999999999999991,0
1672,5,3.769911184307752e-9,0,5,0
1673,1.9999999999999996,2.57610597594363e-8,0,1.9999999999999996,0
1674,5,4.3982297150257105e-9,0,5,0
1675,3,8.063421144213802e-9,0,3,0
1676,2.999999999999999,4.429645641561607e-8,0,2.999999999999999,0
1677,3,6.178465552059927e-9,0,3,0
1678,1.999999999999996,8.806931405563375e-8,0,1.9999999999999978,0
1679,2,1.0053096491487339e-8,0,2,0
1680,7,2.408554367752175e-9,0,7,0
1681,2,8.587019919812101e-9,0,2,0
1682,3,6.283185307179586e-9,0,3,0
1683,4,3.5604716740684324e-9,0,4,0
1684,2.999999999999999,4.450589592585539e-8,0,2.999999999999999,0
1685,1.9999999999999993,3.581415625092364e-8,0,1.9999999999999993,0
1686,2.9999999999999996,2.994984996422269e-8,0,2.9999999999999996,0
1687,1.9999999999999996,2.597049926967562e-8,0,1.9999999999999996,0
1688,4,2.2724186860966168e-8,0,4,0
1689,1.9999999999999982,5.92713813977274e-8,0,1.9999999999999991,0
1690,4,3.4557519189487726e-9,0,4,0
1691,2,1.1309733552923257e-8,0,2,0
1692,5,5.969026041820608e-9,0,5,0
1693,0.9999999999999842,1.7729054541758307e-7,0,1,1
1694,4,3.246312408709453e-9,0,4,0
1695,3,1.2671090369478833e-8,0,3,0
1696,6,6.597344572538567e-9,0,6,0
1697,0.9999999999999842,1.7770942443806172e-7,0,1,1
1698,2.9999999999999996,3.015928947446201e-8,0,2.9999999999999996,0
1699,0.9999999999999841,1.7791886394830103e-7,0,0.9999999999999999,1
1700,5,3.246312408709453e-9,0,5,0
1701,6,2.303834612632515e-9,0,6,0
1702,3,6.492624817418906e-9,0,3,0
1703,2,1.5079644737231007e-8,0,2,0
1704,5,8.377580409572782e-9,0,5,0
1705,3,4.92182849062401e-9,0,3,0
1706,1.999999999999996,8.953539062730899e-8,0,1.9999999999999978,0
1707,1.9999999999999982,5.989969992844535e-8,0,1.9999999999999991,0
1708,4,7.539822368615503e-9,0,4,0
1709,0.999999999999984,1.789660614994976e-7,0,1,1
1710,5,3.351032163829113e-9,0,5,0
1711,2,9.21533845053006e-9,0,2,0
1712,5,1.2042771838760874e-8,0,5,0
1713,1.9999999999999982,6.010913943868466e-8,0,1.9999999999999991,0
1714,1.999999999999996,8.995426964778763e-8,0,1.9999999999999978,0
1715,4,2.722713633111154e-9,0,4,0
1716,5,3.246312408709453e-9,0,5,0
1717,2,1.2356931104119855e-8,0,2,0
1718,1.999999999999996,9.016370915802696e-8,0,1.9999999999999978,0
1719,3,2.0629791758572975e-8,0,3,0
1720,5,5.654866776461628e-9,0,5,0
1721,0.9999999999999838,1.802226985609335e-7,0,1,1
1722,4,5.5501470213419685e-9,0,4,0
1723,0.9999999999999837,1.8043213807117283e-7,0,0.9999999999999999,1
1724,2.999999999999999,4.555309347705199e-8,0,2.999999999999999,0
1725,4,3.769911184307752e-9,0,4,0
1726,1.999999999999996,9.058258817850559e-8,0,1.9999999999999978,0
1727,2,1.7592918860102842e-8,0,2,0
1728,9,2.1991148575128557e-9,0,9,0
1729,3,4.084070449666731e-9,0,3,0
1730,3,1.8849555921538757e-8,0,3,0
1731,1.9999999999999982,6.073745796940263e-8,0,1.9999999999999991,0
1732,2.999999999999999,4.576253298729131e-8,0,2.999999999999999,0
1733,0.9999999999999836,1.8147933562236937e-7,0,1,1
1734,4,4.084070449666731e-9,0,4,0
1735,1.9999999999999993,3.6861353802120235e-8,0,1.9999999999999998,0
1736,5,4.60766922526503e-9,0,5,0
1737,3,2.0839231268812295e-8,0,3,0
1738,3,9.6342174710087e-9,0,3,0
1739,2,8.796459430051421e-9,0,2,0
1740,5,4.293509959906051e-9,0,5,0
1741,0.9999999999999833,1.8231709366332667e-7,0,1,1
1742,3,8.587019919812101e-9,0,3,0
1743,3,9.73893722612836e-9,0,3,0
1744,5,1.2252211349000193e-8,0,5,0
1745,1.9999999999999993,3.707079331235956e-8,0,1.9999999999999998,0
1746,4,1.0995574287564277e-8,0,4,0
1747,0.9999999999999832,1.829454121940446e-7,0,0.9999999999999999,1
1748,4,4.81710873550435e-9,0,4,0
1749,3,7.016223593017206e-9,0,3,0
1750,5,2.5132741228718347e-9,0,5,0
1751,2,1.2566370614359174e-8,0,2,0
1752,5,8.587019919812101e-9,0,5,0
1753,0.9999999999999831,1.8357373072476255e-7,0,1,1
1754,1.9999999999999958,9.204866475018081e-8,0,1.999999999999998,0
1755,5,2.827433388230814e-9,0,5,0
1756,2.999999999999999,4.639085151800927e-8,0,2.999999999999999,0
1757,1.9999999999999996,2.701769682087222e-8,0,1.9999999999999996,0
1758,2.9999999999999996,3.120648702565861e-8,0,2.9999999999999996,0
1759,0.999999999999983,1.842020492554805e-7,0,0.9999999999999999,1
1760,7,2.7227136331111543e-9,0,7,0
1761,1.9999999999999982,6.178465552059922e-8,0,1.9999999999999991,0
1762,1.9999999999999958,9.246754377065946e-8,0,1.999999999999998,0
1763,2,8.796459430051421e-9,0,2,0
1764,6,2.5132741228718343e-9,0,6,0
1765,1.9999999999999993,3.74896723328382e-8,0,1.9999999999999998,0
1766,1.9999999999999956,9.267698328089878e-8,0,1.9999999999999978,0
1767,3,5.5501470213419685e-9,0,3,0
1768,5,3.769911184307752e-9,0,5,0
1769,2,9.42477796076938e-9,0,2,0
1770,4,7.225663103256524e-9,0,4,0
1771,3,4.293509959906051e-9,0,3,0
1772,2.999999999999999,4.68097305384879e-8,0,2.999999999999999,0
1773,3,2.1258110289290934e-8,0,3,0
1774,1.9999999999999956,9.309586230137741e-8,0,1.9999999999999978,0
1775,3,8.482300164692442e-9,0,3,0
1776,6,5.026548245743669e-9,0,6,0
1777,0.9999999999999827,1.8608700484763435e-7,0,1,1
1778,3,1.424188669627373e-8,0,3,0
1779,1.9999999999999982,6.241297405131719e-8,0,1.9999999999999991,0
1780,4,1.0262536001726658e-8,0,4,0
1781,2,1.5707963267948965e-8,0,2,0
1782,6,2.6179938779914945e-9,0,6,0
1783,0.9999999999999826,1.867153233783523e-7,0,0.9999999999999999,1
1784,4,2.3980823922402086e-8,0,4,0
1785,4,3.351032163829113e-9,0,4,0
1786,3,7.120943348136865e-9,0,3,0
1787,0.9999999999999825,1.8713420239883092e-7,0,1,1
1788,4,1.6336281798666924e-8,0,4,0
1789,0.9999999999999825,1.8734364190907026e-7,0,1,1
1790,3,1.9477874452256715e-8,0,3,0
1791,3,2.1467549799530254e-8,0,3,0
1792,9,2.408554367752175e-9,0,9,0
1793,2,1.82212373908208e-8,0,2,0
1794,4,4.293509959906051e-9,0,4,0
1795,1.9999999999999993,3.811799086355615e-8,0,1.9999999999999998,0
1796,2.999999999999999,4.743804906920586e-8,0,2.999999999999999,0
1797,1.999999999999998,6.304129258203515e-8,0,1.999999999999999,0
1798,3,6.492624817418906e-9,0,3,0
1799,1.9999999999999996,2.7646015351590174e-8,0,1.9999999999999996,0
1800,7,2.303834612632515e-9,0,7,0
1801,0.9999999999999822,1.8860027897050614e-7,0,1,1
1802,3,7.539822368615503e-9,0,3,0
1803,1.999999999999998,6.325073209227447e-8,0,1.999999999999999,0
1804,4,5.864306286700947e-9,0,4,0
1805,3,4.50294947014537e-9,0,3,0
1806,4,5.759586531581288e-9,0,4,0
1807,2,1.5917402778188285e-8,0,2,0
1808,5,1.2671090369478833e-8,0,5,0
1809,4,7.958701389094143e-9,0,4,0
1810,3,1.9687313962496035e-8,0,3,0
1811,0.999999999999982,1.8964747652170272e-7,0,1,1
1812,4,1.6545721308906244e-8,0,4,0
1813,3,5.340707511102648e-9,0,3,0
1814,1.9999999999999956,9.519025740377059e-8,0,1.9999999999999978,0
1815,4,3.141592653589793e-9,0,4,0
1816,3.9999999999999996,2.4399702942880725e-8,0,3.9999999999999996,0
1817,2,1.0681415022205298e-8,0,2,0
1818,4,1.1414453308042916e-8,0,4,0
1819,2,1.2985249634837812e-8,0,2,0
1820,5,3.0368728984701334e-9,0,5,0
1821,1.999999999999998,6.387905062299242e-8,0,1.999999999999999,0
1822,1.9999999999999956,9.560913642424923e-8,0,1.9999999999999978,0
1823,0.9999999999999818,1.909041135831386e-7,0,1,1
1824,7,3.351032163829113e-9,0,7,0
1825,3,8.691739674931761e-9,0,3,0
1826,3,1.0053096491487339e-8,0,3,0
1827,4,4.3982297150257105e-9,0,4,0
1828,2.999999999999999,4.8275807110163136e-8,0,2.999999999999999,0
1829,2,9.42477796076938e-9,0,2,0
1830,4,7.4351026134958435e-9,0,4,0
1831,0.9999999999999816,1.917418716240959e-7,0,1,1
1832,3.9999999999999996,2.4609142453120045e-8,0,3.9999999999999996,0
1833,3,6.597344572538567e-9,0,3,0
1834,3,1.4660765716752369e-8,0,3,0
1835,1.9999999999999991,3.895574890451343e-8,0,1.9999999999999996,0
1836,6,3.1415926535897936e-9,0,6,0
1837,2,1.864011641129944e-8,0,2,0
1838,1.9999999999999953,9.644689446520651e-8,0,1.9999999999999976,0
1839,1.9999999999999978,6.450736915371038e-8,0,1.9999999999999987,0
1840,6,3.769911184307752e-9,0,6,0
1841,1.9999999999999996,2.8274333882308133e-8,0,1.9999999999999996,0
1842,2.9999999999999996,3.267256359733384e-8,0,2.9999999999999996,0
1843,2,1.2147491593880535e-8,0,2,0
1844,2.999999999999999,4.8694686130641775e-8,0,2.999999999999999,0
1845,4,5.445427266222309e-9,0,4,0
1846,3,9.00589894029074e-9,0,3,0
1847,0.9999999999999813,1.934173877060104e-7,0,1,1
1848,6,2.8274333882308137e-9,0,6,0
1849,2,9.00589894029074e-9,0,2,0
1850,4,5.131268000863329e-9,0,4,0
1851,1.9999999999999978,6.492624817418902e-8,0,1.9999999999999987,0
1852,2.9999999999999987,4.89041256408811e-8,0,2.9999999999999987,0
1853,2,1.3194689145077132e-8,0,2,0
1854,4,1.1623892818282236e-8,0,4,0
1855,3,6.806784082777886e-9,0,3,0
1856,7,4.293509959906051e-9,0,7,0
1857,1.9999999999999978,6.513568768442833e-8,0,1.9999999999999987,0
1858,1.9999999999999951,9.74940920164031e-8,0,1.9999999999999973,0
1859,3,3.8746309394274115e-9,0,3,0
1860,5,4.50294947014537e-9,0,5,0
1861,0.999999999999981,1.948834642776856e-7,0,0.9999999999999999,1
1862,4,3.665191429188092e-9,0,4,0
1863,5,3.6651914291880922e-9,0,5,0
1864,3.9999999999999996,2.5028021473598684e-8,0,3.9999999999999996,0
1865,1.9999999999999991,3.9584067435231386e-8,0,1.9999999999999996,0
1866,2.9999999999999996,3.309144261781248e-8,0,2.9999999999999996,0
1867,0.9999999999999809,1.9551178280840355e-7,0,1,1
1868,2.9999999999999987,4.932300466135974e-8,0,2.9999999999999987,0
1869,3,1.0367255756846318e-8,0,3,0
1870,4,3.665191429188092e-9,0,4,0
1871,0.9999999999999808,1.959306618288822e-7,0,0.9999999999999999,1
1872,7,2.827433388230814e-9,0,7,0
1873,0.9999999999999808,1.9614010133912148e-7,0,0.9999999999999999,1
1874,1.9999999999999951,9.833185005736038e-8,0,1.9999999999999973,0
1875,5,2.408554367752175e-9,0,5,0
1876,4,8.168140899333462e-9,0,4,0
1877,0.9999999999999807,1.9655898035960012e-7,0,1,1
1878,2.9999999999999996,3.3300882128051804e-8,0,2.9999999999999996,0
1879,0.9999999999999807,1.9676841986983946e-7,0,1,1
1880,5,6.0737457969402675e-9,0,5,0
1881,4,3.769911184307752e-9,0,4,0
1882,1.9999999999999951,9.875072907783901e-8,0,1.9999999999999973,0
1883,1.9999999999999996,2.8902652413026092e-8,0,1.9999999999999996,0
1884,4,1.7174039839624203e-8,0,4,0
1885,3,4.92182849062401e-9,0,3,0
1886,3,6.911503837897545e-9,0,3,0
1887,3,5.969026041820607e-9,0,3,0
1888,6,7.225663103256524e-9,0,6,0
1889,0.9999999999999805,1.97815617421036e-7,0,1,1
1890,6,2.408554367752175e-9,0,6,0
1891,2,9.6342174710087e-9,0,2,0
1892,4,6.073745796940267e-9,0,4,0
1893,1.9999999999999978,6.639232474586425e-8,0,1.9999999999999987,0
1894,1.9999999999999951,9.937904760855697e-8,0,1.9999999999999973,0
1895,1.9999999999999991,4.021238596594934e-8,0,1.9999999999999996,0
1896,5,9.21533845053006e-9,0,5,0
1897,1.9999999999999996,2.9112091923265412e-8,0,1.9999999999999996,0
1898,3,9.21533845053006e-9,0,3,0
1899,3,2.2724186860966168e-8,0,3,0
1900,5,3.455751918948772e-9,0,5,0
1901,0.9999999999999802,1.9907225448247192e-7,0,1,1
1902,2.9999999999999996,3.3719761148530443e-8,0,2.9999999999999996,0
1903,2,1.9268434942017396e-8,0,2,0
1904,6,3.351032163829113e-9,0,6,0
1905,3,1.413716694115407e-8,0,3,0
1906,1.9999999999999951,1.0000736613927492e-7,0,1.9999999999999973,0
1907,0.99999999999998,1.9970057301318987e-7,0,1,1
1908,5,6.597344572538567e-9,0,5,0
1909,2,1.1100294042683937e-8,0,2,0
1910,3,2.0734511513692633e-8,0,3,0
1911,4,3.141592653589793e-9,0,4,0
1912,3.9999999999999996,2.5656340004316643e-8,0,3.9999999999999996,0
1913,0.9999999999999799,2.003288915439078e-7,0,0.9999999999999999,1
1914,4,4.71238898038469e-9,0,4,0
1915,1.9999999999999991,4.063126498642798e-8,0,1.9999999999999996,0
1916,2.9999999999999987,5.057964172279565e-8,0,2.9999999999999987,0
1917,4,8.377580409572782e-9,0,4,0
1918,3,1.5289084247470326e-8,0,3,0
1919,2,1.2566370614359174e-8,0,2,0
1920,9,2.303834612632515e-9,0,9,0
1921,2,1.361356816555577e-8,0,2,0
1922,3,6.702064327658226e-9,0,3,0
1923,1.9999999999999978,6.743952229706083e-8,0,1.9999999999999987,0
1924,4,5.6548667764616275e-9,0,4,0
1925,4,2.9321531433504735e-9,0,4,0
1926,4,1.2042771838760874e-8,0,4,0
1927,2,9.21533845053006e-9,0,2,0
1928,3.9999999999999996,2.5865779514555962e-8,0,3.9999999999999996,0
1929,1.9999999999999978,6.764896180730016e-8,0,1.9999999999999987,0
1930,3,2.0943951023931953e-8,0,3,0
1931,0.9999999999999796,2.0221384713606164e-7,0,1,1
1932,5,3.8746309394274115e-9,0,5,0
1933,0.9999999999999795,2.0242328664630098e-7,0,0.9999999999999999,1
1934,1.999999999999995,1.0147344271095016e-7,0,1.9999999999999976,0
1935,4,5.654866776461628e-9,0,4,0
1936,6,3.141592653589793e-9,0,6,0
1937,2,1.6964600329384883e-8,0,2,0
1938,4,4.293509959906051e-9,0,4,0
1939,1.9999999999999996,2.974041045398337e-8,0,1.9999999999999996,0
1940,4,1.1100294042683937e-8,0,4,0
1941,1.9999999999999978,6.80678408277788e-8,0,1.9999999999999987,0
1942,1.9999999999999947,1.0189232173142879e-7,0,1.9999999999999973,0
1943,2,1.0053096491487339e-8,0,2,0
1944,8,2.1991148575128557e-9,0,8,0
1945,1.9999999999999991,4.125958351714594e-8,0,1.9999999999999996,0
1946,3,1.5498523757709646e-8,0,3,0
1947,3,7.644542123735163e-9,0,3,0
1948,2.9999999999999987,5.141739976375293e-8,0,2.9999999999999987,0
1949,0.9999999999999791,2.0409880272821548e-7,0,1,1
1950,5,2.932153143350474e-9,0,5,0
1951,0.9999999999999791,2.043082422384548e-7,0,1,1
1952,6,7.4351026134958435e-9,0,6,0
1953,4,4.60766922526503e-9,0,4,0
1954,1.9999999999999947,1.0252064026214676e-7,0,1.9999999999999973,0
1955,3,4.71238898038469e-9,0,3,0
1956,4,1.7802358370342162e-8,0,4,0
1957,2,1.2775810124598494e-8,0,2,0
1958,3,1.0681415022205298e-8,0,3,0
1959,1.9999999999999978,6.869615935849676e-8,0,1.9999999999999987,0
1960,6,2.617993877991494e-9,0,6,0
1961,2,9.42477796076938e-9,0,2,0
1962,4,1.2252211349000193e-8,0,4,0
1963,2,1.7174039839624203e-8,0,2,0
1964,2.9999999999999987,5.1836278784231566e-8,0,2.9999999999999987,0
1965,3,1.4556045961632709e-8,0,3,0
1966,1.9999999999999947,1.031489587928647e-7,0,1.9999999999999973,0
1967,1.9999999999999996,3.015928947446201e-8,0,1.9999999999999996,0
1968,6,5.445427266222309e-9,0,6,0
1969,1.9999999999999998,1.9896753472735355e-8,0,1.9999999999999998,0
1970,3,2.1362830044410592e-8,0,3,0
1971,4,8.587019919812101e-9,0,4,0
1972,4,5.235987755982989e-9,0,4,0
1973,0.9999999999999787,2.0661207685108725e-7,0,1,1
1974,4,6.178465552059927e-9,0,4,0
1975,3,9.32005820564972e-9,0,3,0
1976,5,3.979350694547071e-9,0,5,0
1977,1.9999999999999978,6.932447788921471e-8,0,1.9999999999999987,0
1978,3,7.120943348136865e-9,0,3,0
1979,0.9999999999999786,2.072403953818052e-7,0,0.9999999999999999,1
1980,6,2.7227136331111543e-9,0,6,0
1981,1.9999999999999996,3.036872898470133e-8,0,1.9999999999999996,0
1982,1.9999999999999947,1.0398671683382198e-7,0,1.9999999999999973,0
1983,1.9999999999999976,6.953391739945404e-8,0,1.9999999999999984,0
1984,7,4.50294947014537e-9,0,7,0
1985,1.9999999999999991,4.2097341558103215e-8,0,1.9999999999999996,0
1986,2.9999999999999996,3.518583772020568e-8,0,2.9999999999999996,0
1987,0.9999999999999784,2.0807815342276247e-7,0,0.9999999999999999,1
1988,4,8.587019919812101e-9,0,4,0
1989,4,3.769911184307752e-9,0,4,0
1990,3,2.1572269554649912e-8,0,3,0
1991,1.9999999999999998,2.0106192982974674e-8,0,1.9999999999999998,0
1992,5,9.6342174710087e-9,0,5,0
1993,0.9999999999999782,2.0870647195348043e-7,0,1,1
1994,1.9999999999999947,1.0461503536453993e-7,0,1.9999999999999973,0
1995,4,3.560471674068432e-9,0,4,0
1996,2.9999999999999987,5.267403682518884e-8,0,2.9999999999999987,0
1997,0.9999999999999781,2.0912535097395905e-7,0,0.9999999999999999,1
1998,5,5.026548245743669e-9,0,5,0
1999,0.9999999999999781,2.0933479048419836e-7,0,0.9999999999999999,1
2000,7,2.408554367752175e-9,0,7,0
2001,3,5.759586531581288e-9,0,3,0
2002,4,3.4557519189487726e-9,0,4,0
2003,0.999999999999978,2.09753669504677e-7,0,1,1
2004,4,1.82212373908208e-8,0,4,0
2005,1.9999999999999991,4.2516220578581855e-8,0,1.9999999999999996,0
2006,3,8.168140899333462e-9,0,3,0
2007,3,2.3980823922402086e-8,0,3,0
2008,3.9999999999999996,2.691297706575256e-8,0,3.9999999999999996,0
2009,3,5.759586531581287e-9,0,3,0
2010,4,8.063421144213802e-9,0,4,0
2011,0.9999999999999778,2.1059142754563424e-7,0,1,1
2012,2.9999999999999987,5.309291584566748e-8,0,2.9999999999999987,0
2013,3,7.853981633974483e-9,0,3,0
2014,3,7.749261878854823e-9,0,3,0
2015,3,5.131268000863329e-9,0,3,0
2016,8,2.408554367752175e-9,0,8,0
2017,0.9999999999999777,2.112197460763522e-7,0,0.9999999999999999,1
2018,1.9999999999999944,1.0587167242597583e-7,0,1.9999999999999971,0
2019,1.9999999999999976,7.079055446088995e-8,0,1.999999999999999,0
2020,4,1.1519173063162576e-8,0,4,0
2021,2,9.42477796076938e-9,0,2,0
2022,2.999999999999999,3.581415625092364e-8,0,2.999999999999999,0
2023,3,4.293509959906051e-9,0,3,0
2024,5,4.188790204786391e-9,0,5,0
2025,6,2.303834612632515e-9,0,6,0
2026,1.9999999999999942,1.0629055144645448e-7,0,1.999999999999997,0
2027,0.9999999999999775,2.1226694362754877e-7,0,0.9999999999999999,1
2028,5,3.4557519189487726e-9,0,5,0
2029,0.9999999999999775,2.1247638313778808e-7,0,0.9999999999999999,1
2030,4,4.50294947014537e-9,0,4,0
2031,1.9999999999999973,7.12094334813686e-8,0,1.9999999999999987,0
2032,5,1.413716694115407e-8,0,5,0
2033,2,1.319468914507713e-8,0,2,0
2034,4,1.2671090369478833e-8,0,4,0
2035,3,5.550147021341968e-9,0,3,0
2036,2.9999999999999987,5.372123437638544e-8,0,2.9999999999999987,0
2037,3,1.1205013797803597e-8,0,3,0
2038,1.9999999999999942,1.0691886997717243e-7,0,1.999999999999997,0
2039,0.9999999999999772,2.1352358068898466e-7,0,0.9999999999999999,1
2040,6,3.246312408709453e-9,0,6,0
2041,2,1.7802358370342162e-8,0,2,0
2042,1.9999999999999942,1.0712830948741176e-7,0,1.999999999999997,0
2043,2.9999999999999996,2.4399702942880725e-8,0,2.9999999999999996,0
2044,4,8.796459430051421e-9,0,4,0
2045,1.9999999999999991,4.335397861953913e-8,0,1.9999999999999996,0
2046,4,4.92182849062401e-9,0,4,0
2047,2,1.1728612573401896e-8,0,2,0
2048,11,2.3038346126325155e-9,0,11,0
2049,1.9999999999999973,7.183775201208654e-8,0,1.9999999999999987,0